label,filtered_word
1.0,價格 合理 舒適 房間 老闆娘 人 好 自己 做 早餐 給 旅客 重點 早餐 吃到飽
0.0,內部 房間 乾淨 有 大 場地 讓 團體 使用 我 覺得 棒
0.0,隔音(A) 房間 小 美中不足 沒有 乾 濕 分離
1.0,房子 設計 棒 房間 採光 好 大廳 挑高 氣派 房價 合理 台東 住 民宿
1.0,Cp值 高 乾淨 舒適 空間 大 樓下 有 免費 吐司 咖啡 老闆 回復 速度 快
1.0,會客室 提供 免費 飲料 簡易 早餐 房間 設計 高雅 有 洗衣機 整體 小 美
1.0,風景 幽美 靠近 湖 邊 地方 地點 適中 房間 優雅 清潔 衛生 服務 親切 高貴 貴
0.0,在 日月潭 地區 棒 一 個 飯店 服務 人員 親切 放鬆 來 一 趟 旅程
0.0,設備 部分 去 本 館 那裡 有 泳池 三溫暖 撞球 跟 Xbox360 設施
0.0,雅房 浴室 在 房間 外 房子 門口 烤 肉 老闆 提供 桌椅 坐 聊天
0.0,營地 氣氛 悠閒 設備 齊全 有 交誼廳 聊天 看 電視 衛浴 空間 乾淨
0.0,風景 好 近 海港 海港 邊 有 玩水 密境 魚船 回 港 批 魚貨 新鮮 便宜
0.0,房間 乾淨 舒適 寧靜 安全 到 澎湖 觀光 旅遊 住宿 最佳(A) 選擇
0.0,貴 民宿 老闆 老闆娘 親切 管家人 不錯
1.0,加 一 顆 星 六星級 cp值 高 老闆 人 好
1.0,離 鬧區 價格 便宜 房間 安靜 停車 方便 早餐 肉燥飯 豆漿 大推
1.0,舊 飯店 空間 配置 擁擠 有 免費 餅乾 茶包 咖啡包 附近 有 夜市 熱鬧
0.0,陸客團 住宿 飯店 有 大型 停車場 距離 嘉義 車站 不遠
0.0,交通 位置 好 老闆 nice 推薦 很多 美食 浮潛 行程 棒 下 次 想
0.0,老闆 人 熱心 房間 有 大 陽台 乾淨 有 質感 有 溫度 舒服 民宿
0.0,門口 除了 有 隱藏 鞋櫃 人工 草皮 外 有 一 個 沖 水 空間 民宿 內 用品 品質 不錯
0.0,二 特區 體驗 輕軌 鐵道 感受 港都 高雄 多樣化 魅力 真心 推薦
0.0,棒 藝術 空間 吃 東西 住宿 有 不同 展覽 老闆娘 超正
0.0,有 溫暖 有 內涵 民宿 值得 放鬆 渡假 推薦
0.0,餐點 用心 精緻 感受 女 老闆 對於 食材 要求 店 內 有 貼心 情人節 活動 玩 開心
0.0,九 份 美食 吃 中 吃 房間 乾淨 舒適 程度 媲美 五星級 飯店
0.0,很多 貼心 細節 靜待 來客 體會 感覺 到 老闆 花 很多 心思 提供 旅人 舒適 住宿 空間
0.0,地點 不錯 房間 外面 有 陽台 看 海景 缺點 浴室 沐浴乳 沒 補
0.0,裝潢 設備 不錯 清潔度 欠佳 房間 地板 桌子 床頭 椅子 沙子 浴缸 有 些 頭髮
0.0,"早餐 簡單 2, 風景 5, 房型 風格 5, 隔音(A) 3, 停車 方便 8"
0.0,老闆娘 親切 漂亮 介紹 美食 旅遊 地點 民宿 在 庭院 有 收養 ㄧ 隻 流浪 貓咪 可愛
0.0,離 中 停車場 超 近 民宿 房間 乾淨 令 人 滿意 老闆娘 無比 親切 熱情 服務
0.0,地點 棒 靠近 水社 遊客 中心 乾淨 舒適 喜愛 龍貓 主題 環境 佈置 首選
1.0,人潮 下降 明顯 狀況 而言 建議 民宿 主人 考慮 降低 房價
0.0,有 家 溫暖 有 5星級 飯店 舒適感 有 像 好友 般 熱情 主人 這 家 民宿 棒
0.0,空間 寬敞 燈光 明亮 床墊 軟 廁所 乾淨 有 腳踏車 騎 好 山 好 水 好 風景
0.0,烤 肉 唱 KTV 房間 比 照片 大 舒適 推薦 親子 朋友 前來
1.0,冰箱 有 免費 水 飲料 有 提供 咖啡 茶包 餅乾 下 次 住宿
0.0,乾淨 舒適 燈光 美 氣氛 佳 床 軟 推薦 201 中國風 有 按摩椅 大 按摩 浴缸
0.0,房間 大 品質 好 裝潢 質感 高級 花俏
0.0,有 不少 可愛 怕生 貓咪 業者 本身 經營 餐廳 島 上 旅遊 行程 機車 出租
0.0,住 想 體驗 在 虎井 住宿 虎井 有 不錯 景觀 船班 太少 可惜
1.0,樓下 來來 鮮魚湯 老闆 開 吃飯 有 機車 租 房客 優惠 50 元 方便
0.0,旅館 老舊 房間 大 有 溫泉池 沒 溫泉 冬天 看 海浪 夏日 好
0.0,25 坪 原木 裝潢 外面 露台 有 2 張 躺椅 看到 遠處 海邊 庭院 整 個 景色 愜意 優美
0.0,放空 咖啡 夕陽 海景 給 它 滿分
0.0,地點 棒 距離 捷運站 500 公尺 旁邊 有 便利商店 餐廳 酒吧 林立 離 百貨 商圈
0.0,室 內 裝潢 衛生 環境 我 滿意 說 服務 品質 住宿 體驗 我 給 4 顆 星 繼續 加油
0.0,房間 衛浴 放置 物品 掛 衣服 地方 有待 改善
0.0,民宿 位於 朝日 溫泉 附近 這邊 吃 店家 很少 建議 在 鬧區 用餐
0.0,房間 舒適 距離 市區 遠 住宿 附 早餐 不便
1.0,老闆 熱情 住宿 環境 棒 有 行程 講解 活動 套票 優惠
0.0,逛街 購物 蛋黃區 設備 還可以 有 開車 建議 到 有 位子 停車
0.0,這 家 我 在 住 爛 旅館 房間 小 早餐 我 吃 爛
0.0,水龍頭 水 小 隔音(A) 差 壁紙 掉落 冰箱 有 上 一 位 客人 飲品
0.0,房間 舒適 乾淨 環境 令 人 放鬆
0.0,老闆 老闆娘 親切 推薦
0.0,風景 優美 民宿 整齊 清潔 老闆 親切
0.0,普通 房間 整齊 外觀 不行 早餐 種類 少 算 房客 日本人 居多
0.0,乾淨 舒適 服務 親切 有 腳踏車 借 電視 品質 普通 為 衛星 日本 電視
0.0,四 人 房 空間 大 環境 簡單 乾淨 服務 人員 親切 可惜 晚上 隔音(A) 好
0.0,三樓 屋頂 適合 看 海 棒 地方 服務 親切 房間 安靜
0.0,地點 離 機場 近 方便 民宿 房間 公用(A) 空間 乾淨 廁所 大 間
1.0,頂樓 放空 發呆 cp值 高 好 民宿 小 管家 和善 對 房客 好
0.0,有 家 溫暖 飯店 舒適 有 小 管家 親切 招待 有 機會 拜訪
0.0,環境 清幽 房型 舒適 獨棟(A) 別墅 火車 鐵軌 高山 雲 繞 一覽無遺
0.0,室 內 迴音 大 整體 上 值得 推薦 好 民宿
0.0,隔音(A) 差 晚上 聽 到 隔壁 房間 聲音 早上 被 隔壁 建築 施工 噪音 吵到 睡覺
0.0,近 捷運站 服務 親切 環境 舒適 早餐 提供 吐司 自理
0.0,三樓 廁所 空間 偏 小 免(A) 治 馬桶 品質 不錯
0.0,吵 沒有 停車位 沒有 晚餐 早餐 房間 小 透天厝
1.0,多 3 個 小孩 每 人 加收 300 沒 多 備 品 沒 多 床 老闆 愛 錢
0.0,簡單 乾淨 店員 像 韓國 花美男
0.0,菜 西式(A) 自助 烤 吐司 提供 花生 草莓 抹醬 飲料 冰 紅茶 三合一 熱 咖啡
0.0,乾淨 雙人房 空間 小 隔音(A) 效果 差 早餐 選擇性 沒 那麼多
0.0,南海 飯店 員工 服務 好 係 櫃檯 職員 執房 服務員 態度 友善 親切
0.0,服務 超棒 門房 阿伯 有 活力 親切 整 個 大眾 女湯 設備 空間 寬敞 宜人
0.0,大眾池 泡湯 宛如 置身 日本 餐 食材 手藝 好 台北 近郊 放鬆 身心 好 選擇
1.0,路過 喝 杯 免費 咖啡 服務員 態度 友善 提供 手機 充電 有 溫度 飯店
0.0,熱情 老闆娘 招待 周到 環境 舒適 裡面 大 草皮 適合 親子 活動
0.0,民宿 餐飲 所有 服務 採 預約制 老闆娘 料理 手藝 好 建物 內外 優雅
0.0,下午茶 蛋糕 好吃 放鬆 地方
1.0,素食 便當 湯 好喝 旅行社 定價 400 晚餐 菜色 口味 價值 誠意 不足
0.0,房間 普通 櫃檯 親切 貼心 介紹 附近 景點
0.0,出菜 速度 快 菜品 不錯 服務 人員 態度 良好
0.0,民宿 景美 房間 設施 老舊 熱水 穩 服務 人員 親切 早餐 自助式(A) 餐點 美味
1.0,環境 乾淨 價錢 合理 老闆 員工 親切 有禮 太平山 旅 好 選擇
0.0,環境 清幽 山景 美 浴室 乾凈 滿足 有 潔癖 職業病 我 支持 加油
0.0,服務 親切 附近 有 攤販 店家 吃 方便 房間 乾凈 早餐 好吃 推薦 入住
0.0,停車 位置 有 門 前 旅店 後方 空地 停滿 另 尋 車位 方便
0.0,枕頭 高 看 個人 挑睡 設備 偏 老舊 人員 服務 親切
0.0,區 南海 遊客 中心 10多 分 距離 舒服 想 住
1.0,螞蟻 房 內 水 大 小 黃黃 要價 5800 坑 800 價值
1.0,請 大家 找 好 值得 您 花錢 民宿 踩 雷 怪 我 提醒
0.0,環境 清幽 房間 整潔 早餐 美味 可口 咖啡 有機(A) 豆漿 好喝 讚 下 回見
0.0,乾淨 舒適 玻璃屋 草坪 悠閒 時光 好 地方
1.0,房間 沒 電視 沒 冰箱 浴室 共用 cp值 低
0.0,二樓 岑嵐 窗戶 看 到 美景 晚上 老闆 煮 黑糖 芋圓 好吃 早餐 蒸 蛋 超棒
0.0,房間 大 感覺 質感 好 民宿 業者 貼心 幫 我們 找 停車位 用心 介紹 九份 景點
0.0,老闆 老闆娘 人 親戚 好 老闆娘 漂亮 有 活力 料理 餐點
0.0,房間 明亮 寬敞 乾淨 浴缸 佳 水壓 舒適 主人 親切 服務 勤快 寶貝 愛車 停車 便利
0.0,隔音(A) 差 一樓 大廳 聊天 聲音 穿到 二三樓 聽 到 爛
0.0,地點 在 鬧區 購物 用餐 近 走路 即可 四 人 房 大 乾淨 舒服 棒 民宿 推
1.0,房價 親民 老闆 親切
1.0,價格 平價 五星級 服務
0.0,推薦 各位 建議 其他
0.0,有 平面 停車場 早餐 宵夜 有 素食區 餐廳 經理 服務 熱沉 房間 乾淨 舒適
1.0,cp值 高 早餐 宵夜 蘿蔔糕 沾 花生 辣醬 美味 生菜 沙拉 新鮮 推薦 淋 油醋醬
0.0,特別 有 提供 宵夜 澱粉類 跟 甜點 樓下 一樓 有 提供 餅乾 咖啡 飲料 坐 一下
0.0,兩 位 年輕 老闆娘 熱情 房間 舒服 民宿 有 電梯 早餐 馬祖 特色 繼光餅
0.0,老闆 爸 媽 一家人 有 問 答 親切 注意 班機 狀況 給予 建議 一 間 有 溫度 住宿
0.0,房間 新 設備 好 廁所 有 厲害 免治(A) 馬桶 在 日本 飯店 有 看過 這 種 規格
0.0,地點 好 近 交流道 臨近 傳藝 風景 怡人 造景 漂亮 有 船 划 房間 溫馨 老闆 熱情
1.0,戶外 設施 沒 人 養護 泳池 變成 綠色 烤 肉 戶外 活動 加 錢 推薦
0.0,歐洲 風情 美 老闆 親切 一望無際 視野 眺望 龜山島 五星級 民宿
0.0,附近 吃 民雄 鵝肉亭 花亭 壽司 廟 前 碳烤 雞排 連長 水餃
0.0,食材 新鮮 生魚片 肉類 料理 美味 餐廳 環境 適合 久 坐 聊天 有 賣 很多 辦手禮
0.0,有 停車場 服務 人員 讚 今日 吃 蔬食餐 菜色 棒 下 次
0.0,獨立 空間 房間 乾淨 頂樓 設置 室 外 浴缸 特別
0.0,老闆娘 親切 環境 好 裝潢 氣氛 我 目前 住 民宿 裡 給 我 感覺 好
0.0,民宿 乾淨 舒適 民宿 主人 熱情 有趣 推薦 很多 景點 食物 不錯
0.0,和 盥洗 用品 浴室 附 洗衣機 烘衣機 為 投幣式 早餐 有 粥品 吐司 麵包 果醬
0.0,有 設計感 服務 人員 親切 外部 裝潢 美 房間 內部 老舊
0.0,優點 離 車站 10 分鐘 附近 飾品 批發 區域 到 寧夏 夜市 方便
0.0,空間 寬敞 主人 對 庭園 經營 用心 種植 很多 種類 植物 樹 照顧 動物 們 慈愛
0.0,住宿 周遭 生態環境 優美 兩 人 房 內 沒有 沙發 椅子 電視 頻道 選擇 多
0.0,房間 乾淨 好 睡 房東 夫妻 好 nice 一切 棒 推薦
0.0,老闆 親切 熱情 房間 老舊 ㄧ些 窗 外 海景 棒 值得
0.0,態度 親切 推薦 景點 飽 馬祖 得天獨厚 地理 景觀 輕鬆 旅遊
0.0,老闆 熱心 親切 提供 機場 接送 租借 機車 全新 感謝 老闆 這 幾 天 照顧
0.0,接 電話 小姐 超棒 服務 一級 棒 隔音(A) 效果 好 床 枕頭 好 睡 房間 乾淨 舒服 值得 訪
1.0,飯店 業者 停車場 協調 好 讓 客人 面對 停車 費用 問題
1.0,週日 晚 1700 入住 CP值 高 早餐 中西(A) 葷 素 咖啡 豆漿 果汁 奶茶 熱湯 應有盡有
0.0,營地 願意 改善 訊號 衛浴 熱水 垃圾桶 我 相信 這裡 清幽 風景 好 體驗
0.0,桌菜 份量 很少 好多 露友 說 吃 飽
0.0,水管 爆掉 三 次 可怕 沒 訊號 聯絡 老闆
0.0,大廳 工業風 設計 享用 好吃 餐點 綠島 熱 吃飯 有 冷氣 讚
0.0,環境 舒適 房 內 乾淨 寬敞 家庭房 有 按摩 浴缸 老闆 親切 地點 優 潛水 方便
0.0,熱情 老闆 舒適 用餐 休息區 乾淨 大 淋浴 空間 推推
0.0,民宿 主人 親切 全 柚木 裝潢 房間 質感 佳 回 三 訪 ㄧ樣 有 品質
0.0,一 間 有 溫度 民宿 從 房子 裡 每 一 個 細節 感受到 老闆 闆娘 對 房子 用心
0.0,5 建議 老板 提供 單車 租借 服務 量 多 意思 意思 三 四 輛 隨緣 用
0.0,老闆娘 蔡 姐 友善 親切 個 有 家 感覺 民宿 推推
0.0,好 下 次 到訪 台東 考慮 入住 民宿
0.0,乾淨 闆娘 親切 和藹 帶 毛小孩
0.0,房間 舒適 老闆 人 親切 花蓮 美食 私房(A) 景點 找 老闆 對
0.0,一樓 大廳 有 提供 飲水 咖啡 茶包 自由 使用
0.0,在 網路 訂房 電話 確認 訂房 時 主動 告知 提供 盥洗 用具 毛巾 浴巾 自備
0.0,民宿 乾淨 老闆 親切 烤肉區 停車區 大 房間 環境 好 推薦 這裡
1.0,房間 乾淨 整齊 物美價廉 適合 全 家 大小 朋友 來 宜蘭 遊玩 時 有 個 好 睡眠 品質 推推
1.0,房間 乾淨 房價 高 浴室 備品量 不足 洗髮精 沐浴乳 小 包
1.0,房間 大 乾淨 大廳 有 書 有 玩 棒 晚餐 五 菜 一 湯 800 元 CP值 高
1.0,日月潭 內 中低價位 度假 飯店 停車場 大 早餐 在 湖 邊 森林 裡面 吃 浪漫
1.0,日月潭 邊 風光明媚 戶外 座位 景觀 好 餐點 口味 佳 貴 空間 舒適
0.0,舒適 衛生 機能性 佳 逛 安平 吃 美食 便利
0.0,乾淨 舒服 民宿 老闆娘 親切
0.0,老闆 服務 親切 房間 乾淨 舒暢
0.0,第一 次 住 民宿 看到 老闆娘 風景 不錯 頂樓 看到 火車 到 吵
0.0,兒子 娃娃 忘 在 民宿 感謝 熱心 親切 闆娘 寄回 房間 溫馨 舒適
0.0,老闆 親切 房間 乾淨 一樓 以外 樓層 wifi 訊號 差
0.0,老闆 人 好 有 家 味道 令 人 放鬆 身心
0.0,離 市中心 近 老闆 貝殼 導覽 專業
0.0,現代 風格 民宿 建築 有 得 設計獎 老闆 人 親切
1.0,舒適 房間 親切 老闆 棒 氛圍 優 價錢
0.0,最佳(A) 民宿 欣賞 美麗 安平港
1.0,超值 住宿 雙人 湯屋房 店家 推薦 餐館 好 風華 不再 感 舒適
0.0,地點 佳 公共(A) 設施 良好 接待 親切 有禮 溫泉池 大 有 按摩 spa 床 好 睡
0.0,家庭 經營 服務 裝潢 用品 像 企業 飯店 整齊
1.0,房間 空間 大 乾淨 有 設計感 房 內 提供 免費 點心 飲料 距離 六合 夜市 近
0.0,淋浴 大 蓮蓬頭 按摩枕 棒 早餐 不錯 氣氛 好 桌子 低 床 容易 晃
1.0,環境 乾淨 裝潢 設計 新穎 空調 沒有 煙味 cp值 高
0.0,三星 飯店 有 浴缸 近 中正 紀念堂 站 雙人床 用 兩 小 床 拼
0.0,設備 新穎 空間 寬廣 服務 人員 棒 對 親子 家庭 友善 下 次 推薦 親友 入住
0.0,房 內 設施 不錯 晚班 櫃臺 那 個 女 臉 知道 在 臭 什麼 問話 愛 理不理
0.0,房間 衛浴 品質 棒 乾淨 老闆 員工 親切
0.0,優閒 美好 文青風 民宿 帶 小孩 ok.  很多 桌遊 書 玩
0.0,老闆 風趣 好聊 青旅 環境 不錯 喜歡 一樓 空間 藏書
1.0,CP值 高 地點 優勢 對面 夜市 小吃 便利 房間 稱 舒適 寬廣 洗衣 烘衣 設備 貼心
0.0,距離 小港 機場 出國 搭 早班 飛機 前 住宿 最佳(A) 選擇
1.0,飯店 早餐 好吃 值 高 推薦
1.0,地 下 公共(A) 空間 接待處 客房 廚房 輕食 餐廳 免費 早餐 在 這
0.0,地點 方便 氣氛 溫馨 晚上 夜遊 天氣 好 景色 美 有 機會 訪
0.0,桌遊 電腦 雜誌 隔天 十一點 退房 二樓 室 內 飲食 整體 算 滿意
0.0,環境 整潔 房間 雙人床 加大 睡起來 舒適 老闆娘 熱心 有 烤 肉 場地 值得 推薦
0.0,老闆人 親切 服務 好 早餐 豐盛 環境 超棒 乾淨 烤 肉 讚
1.0,近 西門站 交通 便利 價格 便宜 住宿 房間 有 異味 推薦
1.0,飯店 在 西門町 方便 逛街 服務 親切 房價 親民 cp值 高
0.0,訂房 訂單 直接 取消 接 電話 服務 人員 負責任 態度 差 爛
0.0,棒 地方 野菜 烤 肉 醃漬 梅子 好玩
0.0,環境 優美 房間 乾淨 庭園 漂亮 度假 不錯 選擇
1.0,CP值 高 老闆 親切 服務 週到
0.0,環境 安靜 近 晴光 夜市 小吃 選擇 多 隔音(A) 好 易 受 隔壁 房間 聲音 打擾 睡眠
1.0,停車場 人員 說 上限 200 元 月租 用戶 有 給 房客 這 什麼 唬爛 信息
0.0,早餐 精緻 設備 新穎 有 陽台 浴缸 棒
0.0,房間 有 一 盞 燈 燈光 教 昏暗 浴室 門 附鎖 上廁所 洗澡 尷尬
0.0,設備 齊全 吹風機 洗衣機 有 地方 乾淨 靠近 車站
0.0,隔音(A) 差 站 在 走廊 明顯 別人 在 做 什麼 事 聽 一清二楚
0.0,地點 好 房間 大 環境 幽靜 庭院 有 小 沙坑 溜滑梯 孩子 愛
1.0,CP 質 高 爆推 老闆娘 極品 海鮮粥 早餐 料 好 實在 讚
0.0,晚上 9點半 店家 貼心 配合 我 時間 協助 載送 行李 到 機場 覺得 服務 棒
0.0,前台 人員 餐廳 員工 服務 棒 房間 樓中樓 棒 主動 升級 6 人 房 房間 2
0.0,臨近 八仙山 風景區 飯店 舒適 服務 人員 熱情 親切 有 會議 場地 適合 公司 舉辦 活動
1.0,設施 多 適合 全 家 團體 出遊 泡湯 桌菜 物美價廉 工作 人員 服務 態度 好 有 熱忱
0.0,裡面 文創風 擺設 棒 可惜 一樓 部分 面積 跟 二樓 交誼廳 出租給 印度 餐廳
0.0,房間 有 小 沙發區 方便 房型 臨時 入住 選擇 有 雙床房 下 次 台中行 住
0.0,整體 環境 漂亮 來到 歐洲 玫瑰 親子房 內 玩具 溜滑梯 讓 小孩 玩 到 想 離開
0.0,完美 住宿 體驗 房間 浴室 大廳 戶外 漂亮 早餐 擺盤 精緻
0.0,超美 超讚 滿足 女孩 住 城堡 幻想 服務 好 為 旅程 加 滿分
0.0,服務 棒 室 內 裝潢 有 特色 可惜 浴室 沒有 擺 盥洗 用具 地方
0.0,櫃臺 小姐 親切 房間 煙味 重 早餐 品質 內容 不佳 待 加強
0.0,隔音(A) 建築 問題 隔壁 樓上 聲音 難免
0.0,一樓 有 一 間 四 人 房 適合 家庭 有無 障礙 需求 者 使用 有 電梯 到 二樓 以上 樓層
0.0,空間 寬敞 舒適 裝潢 精致 具有 特色 房間 乾淨 未來 有 機會 定 訪
0.0,態度 好 喜宴 主人家 出錢 讓 客人 住宿 找 客人 收錢 讓 主人家 丟臉
0.0,算 在 整 個 區域 內 中心點 山莊 主人 家人 親切 房間 設備 簡單 乾淨
1.0,老板 親切 有禮 房間 內部 功能 齊全 值得 推薦 一 家 民宿 cp  值 高
0.0,四 人 房 不錯 有 附 泡麵 餅乾 飲料 開水 池坑 大 早餐 老闆娘 做 燒餅 不錯 吃
1.0,一 分 錢 一 分 貨 服務 品質 跟 房間 設施 符合 飯店 價錢 有 品質
1.0,CP值 高 值得 推薦 住宿 礁溪 溫泉 會館
0.0,星期六 台南 行程 吃完 早餐 走去
0.0,吃完 走去 烏鬼井 回 民宿 退房
0.0,需要 熱水 公共區 有 飲水機 嶄新(A) 浴室 使用 開心
1.0,住宿費 高 高 一 間 旅館
0.0,老闆娘 服務 親切 誠懇 詢問 房間 相關 問題 清楚 服務 周到 好 民宿
0.0,買 咖啡 蓋子 蓋好 交給 客人 害 我 在 車 上 咖啡 灑滿 車
0.0,乾淨 明亮 來 出差 住宿 感覺 像 回到 自己 家 一樣 舒適
0.0,地點 好找 停車 方便 住宿 房間 乾淨 衛生 服務 人員 親切 值得 推薦 住宿 飯店
0.0,服務 好 早餐 部分 有 沙拉區 熟食區 麵包區 稀飯區 自己 燙 切仔麵
1.0,距離 安平 古蹟 景點 最近 四星(A) 飯店 高貴 貴 我們 家 住 面河 景觀房
0.0,不錯 環境 室 內 佈置 特別 二樓 泡茶 菜色 ok 食材 新鮮 推 師傅 做 手捲
0.0,甜點 秋冬 季節 有 日式(A) 螃蟹 火鍋 湯頭 鮮美 推薦 秋冬 季節 火鍋
1.0,在 宜蘭 眾多 無 菜單 料理 中 餐點 在 水準 之上 價格 算 合理 店 內 庭院 用餐 環境 佳
0.0,老闆 幫忙 訂 行程 熱切 告訴 我們 欣賞 煙火 位置 超讚 停車 地點 專業
1.0,離 沙灘 機場 近 方便 老闆 親切 房間 簡單 乾淨 舒適 價錢 便宜
0.0,像 回到 澎湖 家 這 體會 慢活
0.0,本 館 通往 新館 通道 有 濃厚 怪味 房間 隔音(A) 好 早餐 一般 餐廳 視野 不錯
1.0,新館 舒適 價格 家庭房 3 人 1 小孩 說 算 有 浴缸 給 小朋友 泡澡 玩水
0.0,地點 優良 比起 其他 飯店 多 停車場 優勢 風景 好
0.0,房間 空間 大 環境 舒適 老闆 老闆娘 人 不錯 健談
0.0,到 甚麼 噪音 有 提供 停車位 在 民宿 騎樓 老闆娘 熱情 指揮 停車
0.0,特別 注意 這邊 環保 旅館 提供 毛巾 浴巾 牙刷 需要 自備 沒有 電梯
0.0,三樓 三 人 房 頂樓 加蓋 想 花 這樣 錢 入住 那 間 房間
0.0,環境 空間 舒適 渡假 好 地方 有 些 設備 舊 泳池 讚
0.0,人 多 包 棟 好好玩 有 泳池 桌球 撞球 麻將 唱歌 烤 肉 SPA 池 廚房 大
0.0,優質(A) 旅館 香港 行銷 團隊 經營 旅館 服務 周到 房間 空間 舒適 設備 新穎 裝潢 高雅
0.0,包廂 桌菜 採 預約制 9900 起跳 調整 菜色 重慶 水煮 牛 鵝肝 乳豬 好吃
0.0,夜晚 酒吧 點 杯 調酒 坐 在 天台 賞 夜景 浪漫 下 次 到 高雄 住 這 家 飯店
0.0,大門 電子 門禁 房間 門 普通 鎖
0.0,整體 環境 不錯 設備 算 新穎 有 有 住在 四樓 有 一 個 小小 電梯
0.0,房況 差 門鎖 壞 修好 被子 單薄 舊 網路 騙 大
0.0,老闆娘 親切 對待 每 個 住宿 客人 好
0.0,新 房子 設備 新 老闆 親切
0.0,澎湖 設施 棒 民宿 姐姐 親切 澎湖 第一 首選
1.0,棒 住宿 體驗 CP  值 高 空間 乾淨 整潔 床 舒服 一樓 餐點 營養 好吃
0.0,設備 新 早餐 好吃 四 人 房 偏 小 離 市區 老街 近
0.0,房間 標準 咖啡 好喝 地點 方便
0.0,氣氛 好 房間 小 隔音 差 浴室 狹小 方便
0.0,木屋 於 叢叢 果樹 間 耒 此 渡假 四 季 採 水果 樂
0.0,神秘 地方 地處 偏遠 老闆娘 人 親切 遠離 塵囂 親近 大自然
0.0,巴里島 風格 裝潢 寬敞 泡湯 空間 可惜 沒有 停車場 夜晚 清晨 房間 溫度 偏低
0.0,空間 舒適 室 內 湯池 大 適合 帶 小朋友 家庭 早餐 口味 鹹 淡 適中 偏 中式(A) 算 不錯
0.0,櫃檯 餐廳 工作 人員 服務 周到 設施 棒
0.0,熱心 重機車友 房間 乾淨 房 前 空地 烤 肉 聚餐
1.0,環境 好 吵雜 對面 有 學校 公園 價格 公道
0.0,舒服 空氣 佳 老闆 人 好 附近 鄰居 親切 早餐店 阿姨 可愛
0.0,棒 海邊 小屋 棒 小 管家 棒 環境 氛圍 棒 睡眠 品質 棒 創作 地點
0.0,旁邊 全家 便利商店 晚上 找 食物 飲料 方便
0.0,吵 房 內 有 保險箱 晾 毛巾架 方便 有 小 廚房 交誼廳
0.0,宜蘭 羅東 過夜 這 家 首選 離 夜市 近 停車 方便 環境 舒適 老闆娘 親切
0.0,佩佩 豬 溜滑梯 房型 內 有 豐富 玩具 佈置 我 小 女兒 驚嘆 連連
0.0,房間 乾淨 口愛 適合 小朋友 離 夜市 近 逛街 吃 美食 一點 累
0.0,貼心 服務 棒 飯店 地點 近 文化 夜市 來 嘉義 朋友 推薦 這 家 飯店
0.0,擁有 好吃 早餐 明亮 大廳 便利 提供 自行車 服務 房間 缺少 椅子 桌子 建議 增加
1.0,地下室 提供 收費 300 晚 平面 停車位 從 一樓 汽車 搭 電梯 下去
0.0,飯店 新 位置 滿分 房間 為 木頭 傢俱 裝潢 有 淡淡 木頭 香 窗戶 旁邊 座位 讚
0.0,近距離 體驗 台中 多元 文化 越南 料理 好吃 有 很多 小店 走路 到 推薦
1.0,老闆 用心 環境 乾淨 寵物 有 善 旅館 CP值 高
0.0,進 房 滅 六七 隻 蜘蛛 一 隻 小強 房間 內 沒 訊號 沒 wifi
1.0,老闆人 好 貓咪 可愛 親人 重點 價格 便宜 CP值 高 推 推 推
0.0,房間 茶包 飲料 礦泉水 有 可惜 沒有 餐廳 享用 熱熱 早餐 外 送 早餐
0.0,親子房 有 和室 浴室 有 浴缸 乾 濕 分離 適合 攜帶 孩子 們 家庭
1.0,價格 親民 設施 老舊 感覺 不錯 門口 進來 送 冬瓜 青茶 一 杯
0.0,酒店 房間 空間 大 設備 新穎 裡面 乾淨 浴室 浴缸 大 適合 放鬆 心情
0.0,四 人 房 適合 親子 房間 大 有 陽台 老闆 人 好 借 我 電鍋 加熱 寶寶 副食品
0.0,環境 乾淨 舒適 窗 外 看到 龜山島 風景 美
0.0,熱心 傳 一 堆 美食 介紹給 我們 一 個 棒 貼心 民宿
0.0,老闆 熱情 管家 服務 好 房間 舒適 大 有 半 露天 浴池 配上 無敵 山景
1.0,房型 閣樓 說 跟 網站 看 照片 有 落差 房價 2500 成 正比
0.0,泡湯池 大 有 景觀 天氣 好 時 看到 龜山島
0.0,空調 室內机 漏水 房間 乾淨
0.0,老 飯店 什麼 老 日式(A) 踏踏米房 隔音(A) 效果 好 溫泉池 泡 舒服
1.0,視野 好 觀星 不錯 價格 親民 設施 普通 山 下 新 民宿
0.0,歷史 悠久 日式(A) 溫泉 泡完 湯 坐 露天 位置 放空 三五 好友 聊天 泡茶 特別 溫泉
1.0,網路 訂房 雙人 加大房 2160 含 早餐 CP 值 棒
0.0,房間 採光 佳 老闆 人 好 周圍 環境 寧靜 離 市區 附近 公益路 美食 多
1.0,員工 親切 價位 尚可 浴室 設備 舊 算 整潔 地點 不錯 附近 有 公車站
0.0,全新 民宿 老闆 老闆娘 人 棒 房間 空間 大 多樣化 早餐 豐盛
0.0,適合 旅遊 渡假 年輕 朋友 烤 肉 聯誼 家族 團聚 老人 小孩 皆大歡喜 有 豐富 養生 早餐
0.0,家 位置 離 梅花湖 近 騎 腳踏車 民宿 有 提供 好 騎 車子 前往
1.0,房間 舒適 性價比 超 高 服務 好 離 逢甲 商圈 物超所值
0.0,床 髒髒 枕頭 上 有 頭髮 感覺 清理 各 種 過敏 隔音(A) 好 二 訪
0.0,進 屋 煙味 棉被 有 煙味 樓上 洗衣 滴水 到 冷氣 吵到 醒來
0.0,每 個 房間 有 個 主題 裝潢 擺設 一樣 親子房 有 溜滑梯 有 車子 造型 療癒
0.0,四 人 房 大 整潔 乾淨 有 提供 嬰兒 澡盆 有 電梯 服務 親切 隔音(A) 早餐 好
1.0,cp值 高 一 家 民宿 雙人房 空間 寬敞 浴室 乾 濕 分離 推推
0.0,有 麻將桌 KTV 大 電視 設備 新 適合 包 棟 房客 使用
0.0,環境 新 乾淨 一樓 有 兒童 遊樂區 開放 廚房 有 超級(A) 大 電視
0.0,花蓮 遊 推薦 東 旅 民宿 老闆娘 婆婆 服務 周到 一級棒
0.0,環境 優美 適合 放鬆 房東人 nice
0.0,透天 裡 小 套房 下雨車 停 室 內
0.0,溫馨 小 地方 停車 舒適
0.0,溫泉 不錯 點心 棒 附近 泰雅 文化 棒 老街 後面 山豬肉 香腸 讚 排隊
1.0,價錢 公道 老闆 老闆娘 全 家 大小 親切 風景 優美
1.0,CP值 高 裝潢 簡單 環境 乾淨 花費 中等(A) 停車 算 方便 一 個 泡 溫泉 地方
0.0,噪音 住宿 雙人房 位於 一樓 內側 聽 到 馬路 車聲 沒有 大 行李 空間 OK
0.0,第一 個 房間 有 前 位 客人 遺留物 想 用 房 內 電話 客服 反應 電話 打 通 下樓
0.0,車站 西 往 桃園 機場 如同 其 名 一 個 適合 旅人 飯店
0.0,傳統 80 年 老 建築 熱情 老闆 有 特色 傳統 早餐 推薦
1.0,老闆 熱情 免費 招待 手作 豆花
0.0,房間 溫馨 老闆 煮 特色餐 好吃
0.0,房間 風景 好 整體 服務 棒 早餐 選擇 較少 品質 好 冷氣 冷
0.0,屋主 別出心裁 用心 設計 環境 優美 溫馨 氣氛 溫暖 旅人 心
1.0,裝潢 棒 房子 新 老闆 親切 CP 值 高
0.0,老闆 親切 房間 風景 優美 有 小 陽台 喜歡
0.0,老闆 親切 有 愛心 收養 這 隻 貓咪 親人 素食 早餐 好吃 房間 看 日出
0.0,車子 難 上山 景色 美不勝收 值得 讓 人 整 個 心靈 放鬆 好 地方 老闆 人 好 好客
0.0,4 人 房 房間 空間 大 視野 遼闊 戶外 氣溫 低
0.0,服務 超棒 老闆 老闆娘 把 客人 當 家人 一樣 照顧 大家 住 裕園 洋樓 民宿
0.0,吃 小 餅乾 喝 飲料 吃 水果 房間 乾淨 舒適 推薦
1.0,洋樓 建築 室 內 環境 舒適 咖啡 無限 暢飲
0.0,房間 礦泉水 前 位 客人 用 換掉 續冰 在 冰箱 中
0.0,東西 老舊 昨天 在 水世界 遇到 那 間 浴缸 壞 暖氣 壞 ktv 雜音
0.0,晚班 女 櫃台 人員 態度 不佳 顧客 詢問 時 直接 掛 電話
0.0,民宿 主人 熱情 介紹 當地 行程 房間 乾淨 整齊 有 停車位 找 位置 宿舍 環境 幽靜
0.0,謝謝 老闆娘 招待 我們 遠 從 台中 來 台東 玩 一 家 四 口 讓 我們 感受 在地(A) 熱情 溫暖
0.0,舒適 浴室 空間 大 乾 濕 分離 適合 團體 大 家庭
0.0,六樓 直達 大廳 需要 帶 大包 小包 從 隔壁 棟 繞過來 景觀 好 早餐 品質 中下(A)
0.0,風景 不錯 鄰近 百貨 交通 便利 機械 停車場 位置 小 高度 低 大車 好 停
0.0,住宿 方面 棒 樓下 有 便利商店 方便 跟 第六 市場 在 同 一 棟 下樓 逛街
0.0,大哥 人 好 民宿 佈置 用心 溫暖 詳盡 解說 一切 事項 早餐 令 人 驚豔 有 機會
0.0,房間 寬敞 外面 陽臺 有 吊椅 風景 讓 人 放鬆 心情
0.0,老闆 手作 食物 美味 房子 乾淨 可愛 看 海 棒 享受
0.0,在 Agoda 訂房網 找到 這 家 東港 海豚 城堡 民宿 房間 大 ㄚ
0.0,推薦 家 裡 有 小孩 毛 小孩 爸媽 帶 寶貝 住宿
0.0,服務 人員 親切 熱心 老婆 懷孕 幫 我們 安排 走 樓梯 有 乾 濕 分離 房型 謝謝
1.0,環境 舒適 乾淨 CP值 高 在 交流道 附近 週邊 有 好吃 碗粿 下 次 在 回訪
0.0,老闆 一家人 對 動物 友善 有 個 庭園 讓 我 狗狗 睡 一 覺 房間 乾淨 舒適 棒
1.0,cp值 高 熱水 熱 廁所 大 間 老闆 人 親切 廢話 提供 建議 實在
0.0,房間 乾淨 隔音(A) 上下 樓層 穿透力 強 我們 住 三樓 清楚 聽到 四樓 和式(A) 方便 聲音
0.0,適合 家族 旅遊 住宿 親子房 有 玩具 小孩 玩 開心 老闆娘 親切 熱心 推 推 推
0.0,不錯 民宿 復古 風格 清潔 街生 方便 供應 早餐 到 羅東 值得 推薦 好 所在
0.0,環境 舒適 交通 方便 民宿 老闆 親切 問 問題 回覆 速度 快
1.0,價格 適中 老闆 個性 隨和 耳傳 生態 星星 故事 不少 遊客 中心 大姊 介紹
0.0,我們 住 二館 房間 設備 新 舒適 衛浴 先生 在意 乾 濕 分離
0.0,記得 參加 活動 付錢 團體 去 對待 散客 學生 拍攝 覺得 敷衍
0.0,闆娘 漂亮 有 氣質 房間 乾淨 舒適 午後 悠閒 時光 來 杯 咖啡
1.0,進 大門 滿 屋 溫馨 闆娘 和藹可親 人 美 心 美 價格 合理 早餐 好吃 超棒 喜歡
1.0,老闆娘 老闆 好 親切 房間 乾淨 便宜 大 碗 適合 來 一品 城堡 度假
0.0,場地 清靜 優美 有 山 有 水 園區 有 小孩 大人 騎 單車 安全 適合 全 家 大小 居住
0.0,值得 推薦 民宿 造景 用心 早餐 偏 中式(A) 中上(A) 年紀 人 喜歡
0.0,景觀 棒 住宿 空間 典雅
0.0,有關 早餐 像 自己 家 中 假日 去 附近 早餐店 買 三明治 漢堡 紅茶 豆漿
0.0,改善 總體 說 我 推薦 這 間 民宿 給 有 小孩子 旅客
0.0,小孩 適合 4 歲 以下 小孩 危險
1.0,民宿 代訂 澎島 星 燒烤 比 現場 便宜 30 確幸 不錯 好吃 牡蠣
1.0,老闆娘 人 好 環境 乾淨 風景 漂亮 住宿 便宜 老闆娘 幫 我們 申請 旅遊 補助 大推
0.0,有 家 感覺 照片 室 內 陽台 看出 景觀
0.0,服務 親切 房間 景色 棒 樓中樓 房型 早餐 菜 好吃
0.0,女 主人 親切 熱心 介紹 周圍 景點 交通 路線 民宿 環境 美麗
0.0,簡單 早餐 提供 稀飯 高麗菜 肉鬆 花生 醬菜 菜脯 蛋 熱 奶茶
0.0,老闆 人 好 房間 環境 乾淨 舒適 有 任何 問題 熱心 幫忙 解答 整體 說 滿意
1.0,優點 物超所值 空間 大 整潔 浴室 水壓 適中 缺點 床 非 獨立筒
1.0,新 乾淨 老闆 親切 平價 衝 老闆 歡迎 毛小孩 下 回 來 花蓮 首
0.0,甜點 飲料 挑剔 今日 點 薰衣草 奶茶 黑糖 漂浮 拿鐵 蘋果 酥 酥 蜂蜜 丹麥
0.0,單品 棒 喝 冰 咖啡 淡 店 內 座位 算 舒適 適合 久坐
0.0,房子 氣氛 佳 擺設 好看 位子 很少 甜點 飲料 不錯 包廂 裡面 棒 安靜 好
0.0,園區 廣大 建築 舊 房間 棉被 枕頭 浴室 乾淨 餐廳 泡湯區 離 住宿區 有 段 距離
0.0,友善 背包客 地點 風景 優美 服務 人員 親切 好 渡假 好 地方
0.0,服務 OK 成功村 設備 沒有 問題 園區 內 露營 設施 維護
0.0,茶 好 老闆 老闆娘 好客 健談 想 試 什麼 囉嗦 泡 白茶 蜜香 特別 好
0.0,專業 茶 柚子 農場 請 大家
0.0,回歸線 時 錯過 店家 好喝 蜜香 紅茶
1.0,地點 方便 房間 廁所 浴室 乾淨 整潔 提供 小 廚房 簡單 牛奶 吐司 當 早餐 棒
0.0,櫃檯 小姐 友善 細心 介紹 周圍 小吃 環境 好 咖啡廳 蛋糕 咖啡 好吃
0.0,從 大門 進來 在 櫃檯 量 體溫 傳 照片 給 小幫手 提供 租借 腳踏車 服務
0.0,房間 乾淨 空間 大 早餐 足量 衛生 人員 親切 夜 奡N 寢時 有 持續 低頻 噪音 影響 睡眠
0.0,爸爸 媽媽 逛 當地 北晨 市場 跟 旅行團 一樣 行程 裡面 買 一樣 東西
0.0,乾淨 舒適 冷氣 強 早餐 豐富 服務 好 靠近 海邊 堤防 落日 夕陽 好 風景
0.0,相關 飯店 公共(A) 設施 餐廳 洗衣間 健身房 單純 提供 住宿 地方
0.0,床 浴室 有 浴缸 算 乾淨 入住 4 人 房 大 明亮 附 早餐 服務元 親切
0.0,位於 市中心 交通 方便 購物 用餐 方便 服務 人員 親切 房間 靜謐 乾淨
0.0,溫馨 房子 喜歡 裝潢 感覺 值得 住 離 老街 近
1.0,不值 那 個 房價 房間 簡陋 到 不行 熱水器 洗 到 一半 沒 水
0.0,老闆娘 藝術家 好客 民宿 大 一 棟 充滿 藝術 氣息
0.0,房間 乾淨 舒服 熱情 小 管家 把 客人 當 朋友 一樣 照顧 周邊 美食 多 台南 住宿 首選
0.0,裝潢 服務 丸子 貝果 超出 五星級 美好 回憶 感受到 滿滿 青旅 溫暖
0.0,鄰近 成功路 西門路 交通 方便 自由 使用 旅店 有 家 感覺 附近 有 兩 家 超棒 酒吧 爽
0.0,距離 小 瑞士 國民 賓館 近 地點 方便 老闆 服務 親切 房間 舊 算 舒適
1.0,價格 便宜 沒有 冷氣 有 電風 老闆 健談 老闆娘 還好 早餐 就 白煮蛋 吐司
0.0,隔音(A) 差 隔壁 打呼聲 聽 到 套房 浴室 沒 熱水 共用 浴室 水 冷 熱 超 扯
0.0,地點 絕佳 房間 空間 剛好 早餐 選項 其他 商務 旅館 差不多 有 茶 選項 選擇
0.0,隔音(A) 差 木頭 地板 沒 人 有 聲音 廁所 衛浴 設備 沒 人 用 有 水聲
0.0,房間 不錯 浴室 浴缸 有 黃黃 門 有 破損 差 沒有 冰箱 其餘 完美 服務 態度 不錯
0.0,房子 空間 小 電視 老舊型 空調 有 點 問題 溫度 調整 後 冷
0.0,便利 親切 大廳 後面 餐廳 提供 料理 意外 好吃 在 這 種 地方 吃到 新鮮貨
0.0,很多 日本 客人 住 這 理  這裡 服務 人員 日文
0.0,日式(A) 庭園 有 番 風味 環境 清悠  適合 放鬆 自在 度假 好 地方
0.0,房間 看出去 面對 基隆山 風景 優美 房間 設施 完備 一樓 有 SPA 池 交誼廳
0.0,早餐 豐盛 九宮格 內 9 種 菜餚 有 魚 有 肉 有 蛋 有 菇 有 青菜 飲料 有 鮮奶 咖啡 果汁
0.0,風景 秀麗 環境 清幽 鄰近 車站 金瓜石 博物館 情侶 家庭 適合
0.0,相似 日本 小店 氛圍 溫馨 放鬆 店 裡 除了 提供 咖啡 提供 茶品 手工 甜點
0.0,店員 親切 友善 詳細 介紹 今日 蛋糕 種類 口感 蛋糕 茶類 棒
0.0,今日 選擇 水果 鬆餅 水果 森林 茶 實際 名字 忘記 說 好吃 推薦
0.0,草地 露營區 沙坑 民宿 外借 小 遊戲 整 個 適合 親子 住宿 入 我 民宿 口袋 名單
0.0,環境 明亮 整潔 服務 態度 友善 餐點 口味 份量 誠意 十足 遛小孩 好 地方 值得 訪
0.0,環境 乾淨 場地 寬廣 房間 小 細節 用心 適合 小朋友 有 機會
1.0,服務 人員 友善 協助 帶 房 介紹 館 內 設施 地下室 一樓 有 提供 免費 遊樂 設施
0.0,酒店 比 想像 好 餐廳 排餐 好吃 餐廳 叫 茶水 巴黎 有趣 名字 推薦
0.0,來 宜蘭市 住宿 首選 環境 好 服務 好 交通 方便 旁 有 戶外 停車場 旁邊 就 夜市
0.0,房間 有 泡湯池 棒
0.0,旅社級 住宿 環境 整體 算 乾淨 司機 寄舖
0.0,老闆 家人 熱情 招待 有 問 答 解決 我們 問題 謝謝 老闆
0.0,民宿 裝潢 有 質感 簡單 俐落 四樓 夜景 優美 老闆 闆娘 親切 台中 住宿 好 選擇
0.0,新開幕 裝潢 有 特色 頂樓 有 一 間 獨立 浪漫 玻璃屋 喜歡
0.0,華儀 到 恆春 住 民宿
0.0,房間 乾淨 床 舒服 適合 一 整 天 出門
0.0,房間 小 像 日本 搬 住家 房間 浴室 木板 磁磚 像 回 媽媽 家 感覺
0.0,日式(A) 旅館 小 美 服務 好 停車 方便
0.0,地理 位置 在 捷運 民權西路站 中山 國小 站 中間
0.0,有 迎賓 飲料 早餐 送到 房間 附近 有 接送 服務 良好 推薦
0.0,民宿 乾淨 舒適 設備 新穎 停車 方便 提供 墾丁大街 接駁 老闆 親切 下 次
0.0,老闆娘 親戚 房間 裝潢 有 質感
0.0,有 素食 套餐 晚餐 風景 空氣 好 出國 台灣 美
1.0,環境 清幽 適合 渡假 餐食 價格 高 菜色 多
0.0,空氣 好 風景 秀麗 步道 多 好 走 好 逛
0.0,屋主 夫妻 親切 貼心 房間 乾淨 附近 環境 清幽 靠近 海邊 晚上 看 星星 光 害 少 推
0.0,素食 餐點 讚 待客 親切 房 內外 清潔 乾淨 有 桌遊 供 玩樂
0.0,感謝 老闆 老闆娘 用心 讓 我們 有 難忘 住宿 體驗 之後 有 機會 帶 家人 朋友 玩
0.0,管家 自己 做 早餐 好吃 管家 親切 房間 新 乾淨 床 軟 隔音(A) 好 裝潢 用心
0.0,壁畫 好拍 合法 民宿 頂樓 希臘風 瞬間 飛到 地中海 想 來 杯 檸檬汁 曬曬太陽
0.0,西子灣 有 海灣 景點 供 飯 後 休閒 你 來 高雄 住宿 唯一(A) 選擇
0.0,位置 適中 交通 便利 房間 乾淨 老闆 一家人 熱心 推薦 美味 小吃 好玩 景點
0.0,床 好 睡 東西 棒 浴室 美 有 冰箱 飲水機
0.0,花蓮市 遠東 百貨 愛買 超市 旁邊 交通 方便 到 四樓 民宿 沒有 電梯
0.0,有 特色 咖啡廳 民宿 老闆 人 好
0.0,乾淨 房間 有 專業級 烤箱 烤 披薩 請 客人 可惜 我 一 人 入住 無 口福
0.0,體驗 在地(A) 生活 超棒 民宿 歡迎 各 國 朋友 光臨
0.0,與 外表 不同 裡面 房間 乾淨 漂亮 老闆娘 人 好
0.0,有 簡單 乾淨 環境 方便 電梯 安靜 空間 交誼廳 舒適 簡約 讓 人 放鬆 心情 地方
0.0,香蕉 春天 有 櫻花 蘋果花 賞 離 車站 老闆 開車 接送
0.0,每 次 客人 退房 老闆娘 認真 晒 被 枕頭 注重 衛生
0.0,清優 停車 風景 好 食物 可以 全 家 家族 聚會 好 地點 小朋友 有 空間 戲耍
0.0,游泳池 三溫暖 室 內 有 冷氣 兒童 遊戲區 溜滑梯 滑 有 盪鞦韆 棒
0.0,幕 當 門 裡面 沒 梳子 沒 水 沒 椅子 low 說到 早餐 比 民宿 low
0.0,地點 靠近 高雄 車站 捷運 生活 功能 極好 房間 舒適 接待 人員 態度 良好 親切
0.0,交通 方便 房間 乾淨 整齊 去 六合 夜市 美麗島站 走路 到
0.0,201 號 房 住宿 環境 漂亮 乾淨 舒適 浴室 設備 棒 早餐 有 三明治 豆漿 水果
0.0,公共(A) 區域 有 冰箱 微波爐 碗盤 餐具 供 使用 有 少許 泡麵 餅乾 購買
0.0,佈置 有 藝術感 房間 格局 方正 室 內 空間 大 老闆 夫妻 有 用心 經營
0.0,方便 有 些 地點 靠 自己 摸索
0.0,半夜 敲敲打打 房間 乾淨
0.0,房間 乾淨 服務 親切 茶點 不錯 吃 老闆娘 畫工 了得
0.0,洋樓式 閩南 建築 老板 莊 先生 平易近人 有 家 感覺
0.0,民宿 主人 好 遇到 他 交付 房費 他 放心 叫 我 寄給 我們 熟識 鄰居
0.0,房間 大 有 溜滑梯 給 孩子 玩 美中不足 浴室 浴缸
0.0,客廳 怎麼樣 早餐 怎麼樣 ktv 爛 環境 不錯 停車 方便
0.0,空間 寬敞 舒適 烤 肉 有 沙坑 有 小 泳池 給 小孩 玩
0.0,民宿 外觀 美 內部 房間 新 乾淨 早餐 粥 棒
0.0,環境 舒適 管家 服務 貼心 度假 放鬆 好 地方 下來 金門 來
0.0,舒適 空間 床 好好 睡 老公 小孩 喜歡
0.0,高級 市 內 設計 房間 乾淨 市 內 空間 寬敞 有 停車位 有 電梯 洗衣機 方便
0.0,房間 乾淨 舒適 景觀 幽靜 窗 外 有 好 風景 好天氣 夕陽 美
0.0,不錯 小 木屋 老闆 親切 前面 沙灘 帶 小孩 看 寄居蟹
1.0,民宿 房間 非 獨棟(A) 木屋 環境 清潔 加強 收費 高
0.0,房間 大 棒 東西 齊全 有 烤 肉 設備 老闆 人 好
0.0,讚 民宿 老闆 熱情 值得 推薦 民宿
0.0,老闆 親切 烤肉爐 大 民宿 乾淨 漂亮
0.0,餐廳 菜色 好 服務 佳 風景 優美 人員 熱情 飯店 裝潢 美崙美奐 棒 渡假 地點
1.0,景觀 優美 服務 親切 衛浴 無 乾 濕 分離 提供 小 點心 單薄 餐點 五(A) 星 收費 四 星 感受
0.0,整體 服務 住宿 品質 優 早餐 晚餐 咖啡機 西餐廳 內 咖啡 有 改進 空間
0.0,早餐 好吃 接待 服務 人員 親切 房間 不錯
0.0,櫃檯 早班 男 服務員 對 東南亞 外籍生 臉 臭 直接 擺 歪 嘴 嘲笑 別人
0.0,方便 新 大 樓下 有 吃 有 鹽酥雞 雞排
1.0,房間 空間 比 想像 中 寬敞 地理 位置 方便 高 住宿 地點
0.0,早餐 有 我 愛 炒米粉 配上 肉燥 海帶 油豆腐 超對味 服務 人員 態度 親切
0.0,房價 寬敞 門 隔音(A) 好 浴室 水管 聲音 大
0.0,老闆娘 親切 客廳 有 點心 茶包 咖啡 供 住客 取用 房間 大 乾淨 明亮 裝飾 擺設 雅緻
1.0,老闆娘 人 親切 有 附 早餐 旁邊 有 停車場 附近 有 商場 夜市 晚上 逛逛
1.0,環境 舒服 民宿 老闆 客氣 客廳 有 免費 茶 咖啡 享用 這樣 價格 高
1.0,有 免費 飲料 跟 泡麵 餅乾 咖啡 奶茶 借 手機 充電線 貼心 服務
1.0,交通 地點 便利性 5 分 整體 環境 2 分 客房 住宿 品質 1 分 煙味 隔音(A) 性價比
0.0,睡眠 品質 好 枕頭 硬 隔音(A) 差 點心區 不錯 總體 說 好
0.0,想 玩 什麼 吃 什麼 老闆 幫 你 介紹 民宿 舒適 1-2 館 棒 值得 來 一 間 民宿
0.0,熱情 老闆 老闆娘 讓 這 次 旅行 玩 開心 烤 肉 技術 一流
0.0,村長 家 民宿 環境 優美 服務 超讚
0.0,早餐 普普 房間 隔音(A) 好 洗澡水 溫 ok 工業風 特別 櫃台 服務 良好
0.0,距離 文化路 夜市 走 10 分鐘 鄰近 有 幾 間 滷味 雞排 不錯
0.0,沾 沒 灰塵 0.0 詢問 周邊 小吃 景點 服務台 親切 給 意見
1.0,飯店 cp值 普普 櫃檯 人員 親切 專業 送 小孩子 燈籠 棒 下 次 玩
0.0,豪華 商務 飯店 浴缸 旁邊 有 整 面 落地窗 看到 塞車 夜景 有 超炫 大樓 燈光秀
0.0,房間 整體 感覺 舒適 空間 大 很多 貼心 小 設計 掛 衣服 地方 很多
0.0,房間 衛浴 設備 乾淨 舒服 謝謝 老闆 老闆娘
0.0,環境 乾淨 整潔 老闆娘 人 親切 人 好 值得 去 一 家 有 質感 民宿
0.0,房間 乾淨 離 羅東 夜市 算 近 騎車 一下 到
0.0,老闆 親切 提供 許多 推薦 景點 感覺出來 用心 宜蘭 民宿
0.0,適合 渡假 休閒 住所 溫馨 有 溫度 家
1.0,室 內 設計 不錯 背包 客房 內 空間 夠 隔音(A) 棒 價錢 狠 實在
0.0,不錯 住宿 地點 距離 夜市 不遠 一樓 有 販賣 一些 飲品
0.0,棒 環境 早餐 美味 手 沖 咖啡 好喝 謝謝 民宿 主人
0.0,房間 舒適 鄰近 市區 民宿 後面 遠眺 廈門 夜景
0.0,第一 次 到 金門 工作 兼 旅行 老闆 給予 多 行程 上 建議
0.0,棒 民宿 空間 舒適 方便 好吃 地方 早餐 _^
1.0,迷路 接 我們 服務 超好 房間 乾淨 C P值 高 幫 我們 代購 船票
0.0,乾淨 舒服 住 2 人 房 老闆娘 讓 我們 直接 睡 3 人 房 讓 我們 大 空間 用
1.0,平價 住宿 地方 寬敞 鄰近 鬧區
0.0,住 小木屋區 新 床 房間 環境 舒服 飯店區 被 同事 嫌 到 不行
0.0,風景 溫泉 現場 演奏 棒 餐廳 服務 不行
1.0,晚餐 套餐 一 人 550 冷菜 難吃 菜色 便當 無言 說 經營 團隊 上心
0.0,民宿 前 有 一 大 片 菜園 栽植 各 式 香草 生菜 水果 沙拉 配菜 食用花 金蓮花 滿 地 爬
0.0,這 次 住 樓中樓 四 人 房 陽台 漂亮 隨便 拍 隨便 美 房間 音響 音質 棒
0.0,有 藍牙 連接 你 手機 晚餐 部分 空中 花園 民宿 合作 有 派 車 接送 餐 特別 值得 一 試
0.0,環境 視野 好 用餐 服務 好 房間 設備 好 櫃台 服務 親切
0.0,舒適 放鬆 地方 家庭房 空間 大 湯屋 舒服
0.0,房間 溫泉 不錯 場地 寬敞 飯菜 不錯 份量 充足 鱘龍魚 帶 土味 美
0.0,房務 人員 有 耐性 客氣 棒 旅店 房間 設計 有 特色
0.0,距離 墾丁 大街 近 吵 裝潢 可愛 浴缸 造型 特殊 深受 孩子 喜歡
0.0,房間 風格 特別 浴室 木頭 門 吵 麻煩 老闆 上 個 潤滑油
0.0,品質 好 背包 客房 浴廁 乾濕 有 提供 洗衣機 拖鞋 吹風機 上鎖 櫃子 冷氣
0.0,老闆 人 好 床 被子 枕頭 舒服 溫柔
0.0,老闆 親切 環境 整潔 適合 放鬆 交朋友 背包客棧
0.0,老闆 跟 老闆娘 人 好 晚餐 好吃 早餐 豆漿 米漿 老闆 早上 磨 營養
0.0,熱忱 待客 陳 老師 賢伉儷 讓 客人 賓至如歸 130 線 上 環境 美 牛奶 森林
0.0,下 雲霧 繚繞 雲海 翻騰 台灣 少有 低海拔 觀賞 雲海 絕佳 地點
1.0,房間 舒適 老闆 親切 價格 品質 好 附近 夜市 觀光 景點 方便
0.0,離 燈會 近 位置 在 小 巷子 裡面 室 內 裝潢 不錯 服務 態度 良好
0.0,環境 不錯 老闆 人 好 地點 不錯 早點 湯 飯 不錯 吃 值得 推薦 去 民宿
0.0,設施 所 設備 服務 人員 態度 房間 整潔 餐廳 菜色 有 達 一定(A) 水準 飯店
1.0,服務 好 晚餐 早餐 冰箱 有 飲料 烤 布丁 用 錢 溫泉 讚 會館
0.0,客房 電梯 小 兩 個 大人 一 個 嬰兒 推車 一 個 小 行李箱 沒 空間
1.0,房間 清潔 有 一點 差 附 早餐 老闆娘 服務 親切
0.0,民宿 品質 優良 冰箱 冷氣 衛浴 不錯
0.0,舒服 乾淨 老闆娘 人 好 棒棒
1.0,居家 日式(A) 民宿 雅房 收費 便宜 適合 想 省錢 遊客
0.0,風景 不錯 淋浴 設備 不良 水壓 不足 熱水 等
0.0,親切 房東 奶奶 喜歡 這裡 環境 有 山 有 海 景色
0.0,用料 豐富 氣泡 果汁 醬燒 豬肉 鍋燒麵 冰淇淋 水果 用心 準備 服務 態度 棒
0.0,甜點 蛋糕 包括 綠茶 白 巧克力 覆盆莓 蛋糕 鈾 香 鐵觀音 茶凍 栗子 南瓜塔
0.0,麵 選好 配料 後 交由 服務 人員 現場 料理 後 送達 顧客 桌 上 值得 推薦
0.0,每 年 來 找 老闆 服務 親切 浮潛 住宿 烤 肉 找 老闆
0.0,住 二 天 感謝 升等 四 人 房 陽台 大 景觀 視野 佳
0.0,老闆 人 超 好 超帥 環境 舒服
1.0,喜歡 在 後面 山坡 上 地方 拍 夜景 試試 房間 普通 有 空調 有 提供 早餐 晚餐
0.0,視野 遼闊 老闆 待人 親切 超收 廁所 清潔 車 泊 露營 場地 有限 預約 早 呦
1.0,風景 好 服務 親切 3 人 套餐 700 元 優 建議 人 在 點 2500 桌 菜 划算
1.0,便宜 隔音 差 房間 有 煙味 感覺 棉被 乾淨 房間 有 跳蚤 癢
1.0,平價 簡單 休息 一 個 地方 特別 住宿 選擇 早餐 自助餐 午餐
0.0,爛死 沒 網路 隔音(A) 爛 環境 噪音 很多
0.0,空氣 好 夕陽西下 美 老闆娘 親切 休閒 放鬆 好 地方
0.0,雅致 幽靜 庭院 環境 房間 佈置 樸實 空間 大 舒適 愉快 休息 一 夜
0.0,臺灣 旗山 川雅居 渡假 民宿 一 處身 心靈 放鬆 沈澱 樂活 好 地方
0.0,臨近 松菸 文創 地點 佳 住房 旅館 停車 方便 週邊 美食 小吃 多 推薦
0.0,交通 方便 在 捷運站 旁邊 房間 乾淨 雙人床 五 呎 六 呎 算 大 房間 空間 大
0.0,酒店 地理 位置 好 員工 服務 熱誠 酒店 設施 陳舊
0.0,乾淨 舒適 床鋪 好好 睡 老闆 夫妻 熱情 親切 晚上 看 到 星星 適合 放鬆 渡假
0.0,下 次 到 台東 知本 選擇 入住
0.0,房間 設施 新穎 裝潢 簡潔 衛浴 廁所 大 間 乾淨 淋浴 水流 大 熱水 熱 舒服
1.0,停車 付費 開 往 後面 停車場 走回 旅店 早餐 採 餐盒式(A) 三明治
1.0,房間 浴室 寬敞 乾淨 地點 方便 沐浴 用品 好用 吹風機 燒 頭髮 CP值 不錯
0.0,精品 商務 旅館 旅人 家 充滿 心意 設計 地方 港墘 文德 捷運站 中間 交通 方便
0.0,新開幕 房型 空間 大 床枕 棉被 好 睡 早餐吧 簡潔 熟食 種類 少
0.0,棒 住宿 房間 裡 浴室 格局 讚 吹風機 用 好用 裝潢 美
0.0,服務 好 有 人情味 在 房間 直接 看到 海景 早餐 豐富 位置 離 海洋 公園 近
0.0,有 乾 濕 分離 吹風機 陽春 長 頭髮 女生 建議 帶 自己 吹風機
0.0,老闆娘 客氣 健談 房間 大 早餐 豐盛 兩 人 房 廁所 有 排風 設備 理想
0.0,親子 設施 不錯 附近 景點 很多 令 人 放鬆 環境
0.0,房子 美 整 個 空間 舒服 全 家 住 開心 服務 好 推 推 推
0.0,空氣 清新 景色 宜人 遠離 城市 喧囂 享受 大自然 寧靜 適合 放鬆 度假
0.0,偏遠 環境 清幽 房間 大 設備 齊全 早餐 以 民宿 說 豐富
0.0,三樓 四 人 房 大 有 獨立 客廳 風景 好 早餐 用 早餐籃 裝 提 回 房 享用
0.0,輕鬆 自在 老闆 客氣 環境 乾淨 地中海 希臘 風格
0.0,洗衣機 一樓 有 專區 介紹 基隆 在地 文化 品牌 產品 得到 在地 資訊
0.0,使用 共享 廚房 製作 簡單 早餐 晚餐 防疫 期間 我們 外帶 夜市 美食 外送 於 旅店 享用
0.0,室 內 環境 充滿 設計感 牆面 上 有 藝術家 畫作 展出 像 置身 於 藝廊 一樣
0.0,老闆 親切 老闆娘 手作 早餐 好吃 設施 環境 清潔 距 羅東 夜市 10 分鐘
1.0,環境 乾淨 整潔 床 睡起來 舒服 浴室 乾 濕 分離 棒 整體 CP值 高
0.0,建議 行動 不便 人 前往 住宿 民宿 內 沒有 一 樓 房間 無 電梯
1.0,價格 親民 公道 房間 乾淨 有 兩 人 六 人 房 適合 親子 家庭 旅遊 老闆 阿莎力
0.0,6 人 房 舒適 空間 大 一樓 有 飲水機 冰箱 方便
0.0,房間 隔音(A) 差 房間 沒有 掛 衣服 衣架 服務 好 小 幫手 熱心
0.0,墾丁 美 民宿 房間 美 主人 美 管家 美 風景 美 我 找 到 任何 缺點
0.0,泳池 周邊 人潮 少 建築 帶 些 希臘 日式(A) 風格
0.0,個 感受到 老闆 用心 細節 旅店 推薦 想 渡假 人
0.0,房間 空間 大 沐浴 用品 份量 不足 早餐 美味 氣氛 好 旅店 溜滑梯 好玩
0.0,晚上 夜景 漂亮 餐廳 晚餐 有 自費 蔬食 火鍋 沒 肉 量 多少 吃 完
0.0,有 特色 一 個 民宿 裡面 很多 家具 物品 民宿 主人 製作
0.0,房間 乾淨 整潔 老闆娘 待人 親切 棉被 暖和 床 舒服 睡 好 放鬆 地方
0.0,環境 清幽 有 品味 放鬆 身 心靈 地方 民宿 女 主人 手沖 咖啡 讚
0.0,品質 遠遠 超越 六星級 飯店 這 我 往後 南投 旅 住宿 首選 地點
0.0,離 溪頭 森林 教育 園區 近 民宿 乾淨 漂亮 老闆娘 親切
0.0,住宿 簡樸 有 人文 溫度 簡單 自然 地方 老闆 熱心 介紹 木屋 過往 一切
1.0,民宿 老闆娘 親切 有 回到 媽媽 家 感覺 價格 合理 房間 乾淨 值得 大推 民宿
1.0,雅房 一 晚 1200 有 附 早餐 環境 乾淨 有 停車場 老闆 老闆娘 親切
0.0,老闆 服務 棒 人 親切 房 內 環境 舒適 設備 齊全 說 缺點 離 市區 遠
0.0,在 隔壁 走路 到 這 點 無庸置疑 結論 一 間 讓 你 住宿 飯店
0.0,服務 態度 待 加強 今天 booking 訂房 明天 前 付 訂金 8成
0.0,超棒 環境 乾淨 清潔 寵物 友善 旁邊 有 沙灘 看 夜景 星星
1.0,左 奶奶 人 好 住宿 早餐 有 土司 果醬 晚餐 搭伙 80 元
1.0,民宿 乾淨 收費 親民 主人 熱心 狗狗 熱情
0.0,商務 旅行 住宿 棒 櫃臺 接待 人員 服務 態度 棒 房間 設備 良好 早餐 自助餐 食物 豐盛
0.0,有 麵包 起司 冷盤 熟食 飯 粥 麵 包子 饅頭 類 甜點
0.0,飯店 位置 在 花蓮 火車站 前 屬於 文青 商旅 喜歡 此 風格 朋友 考慮 入住
0.0,裝潢 簡單 冷氣 強 房間 舒適 枕頭 棒 服務 人員 親切 看 煙火 首選 這 一 房
0.0,櫃台 人員 樂樂 服務 親切 周到 熱心 環境 舒服 交通 方便 離 景點 近 推薦
0.0,感覺 這 家 民宿 有 提供 輪椅 空間 1樓 有 超大間 廁所 有 如同 大 賣場 大 空間 電梯
0.0,地點 好 市中心 房間 乾淨 四 人 房 置物 空間 夠 東西 放 地 上
0.0,爛死 全 澎湖 飯店 倒光 住 這 家
0.0,地點 好 交通 方便 附近 小吃 餐廳 多 床單 舒服
0.0,管家 親切 室 內 空調 暗 枕頭 跟 床 硬 地點 不錯 停車
0.0,闆娘 人 好 早餐 與 附近 早餐店 合作 美中不足 地方 電視 沒有 第四台
1.0,CP值 高 住宿 靠近 安平區 晚上 安靜
0.0,棒 地方 安靜 放鬆 民宿 老闆娘 親切 有 早餐 超棒
0.0,少女心 民宿 客廳 寬敞 裝潢 可愛 舒適 有 內容 主題 民宿 好友 們 來 此 體驗 住宿
1.0,位置 不錯 離 車站 近 房間 設備 新 空間 大 價格 實惠
0.0,老闆 人 熱情 介紹 當地 有 什麼 地方 去 下 次 來 花蓮 訂 這 間 0^ 大推
1.0,好 蓮蓬頭 水 強 熱水 夠 房價 便宜 適合 追求 平價 人 住宿
0.0,房間 內 煮飯 遊戲組 有 螞蟻 3樓 洗手台 迷你 其餘 不錯
0.0,水 停車 方便 離 夜市 開車 10 鐘 左右 外 送 熊貓 叫 到
0.0,服務 人員 親切 房間 大 廁所 浴缸 滿意 停車 地方 棒
0.0,房 內 按摩椅 有 震動 功能 馬桶 房間 沒有 隔間 拉門 淋浴 時 水 冷 熱
0.0,設備 差 浴室 水 出來 吹風機 電 接觸 不良 今天 早餐 好吃 有 水果
0.0,無聊 自然 放空 放鬆 放假 好 地方 無 肉 早餐 料理 用心 好吃
0.0,有 些 美景 以 照片 分享 到 空間 感受 這裡 美 好  舒適
0.0,值得 造訪 好 地方 溫馨 早餐 時光 享受 柔柔 海風 夜晚 在 蛙鳴 蟲鳴聲 中 入睡
0.0,房間 大 乾凈 早餐 豐富 民宿 視野 佳 晚上 觀 星 好 地方 老闆 親切
1.0,設備 簡 漏 熱水 熱 盥洗 用具 不足 飯店 收費 旅社 品質
0.0,待人 親切 餐點 行 管家 貼心 詢問 客人 吃 飽 衛浴 空間 提升 棒
0.0,房間 乾淨 舒適 老闆 老闆娘 人 超 好 熱情 溫暖 充滿 人情味 一 間 民宿
0.0,舊式(A) 建築 改裝 風格 簡單 舒適 老闆 老闆娘 有 屏東人 熱情 親切 值得 向 大家 推薦
0.0,老闆 熱情 提供 許多 美食 資訊 遊玩 景點 值得 訪
1.0,房間 乾淨 衛生 二樓 有 免費 泡麵 咖啡 汽水 服務 親切 兌換 調酒 棒
0.0,建議 白天 玩完 各 景點 海灘 後 黃昏 進 會館 車子 停 於 懇丁 青年 活動中心 省錢
1.0,CP值 高 住宿 旅 旅店 在 墾丁 大街 上 環境 相當 好 有 提供 泡麵 零食 飲料
0.0,房間 寢具 乾淨 可惜 共用 廁所 不便
0.0,人間 仙境 山嵐 圍繞 老闆 待人 客氣 親切
0.0,乾淨 親切 服務 態度 優
0.0,離 埔里 市區 交流道 不遠 房間 大 床 好 睡 熱水壓 足夠 櫃檯 服務 態度 親切
0.0,浴室 地板 有 水 容易 滑倒 有 小孩 隨行 旅客 注意 浴室 電視 看 暖氣 無 功能
0.0,環境 優雅 生菜 沙拉 飲料 餐點 美味 可口 住宿 週六日 開放 點餐
0.0,老闆 人 好 推薦 很多 在地 景點 住 一樓 六 人 房 房間 棒 舒服
0.0,民宿 乾淨 有 飲水機 老闆 親切 離 墾丁 大街 不遠 方便
0.0,房間 隔音(A) 效果 好 設施 乾淨 下 次 有 機會 造訪
0.0,泡 杯 咖啡 茶 悠閒 看 一下 書籍 雜誌 頂樓 有 兒童 遊戲室 健身室
0.0,地點 位置 不錯 在 北車 附近 走路 到 房間 小 櫃台 服務 親切
1.0,有 簡單 小孩 遊戲區 有 免費 糖果 餅乾 飲料 貼心
1.0,餐點 部分 感受到 用心 製作 料理 份量 菜色 實惠
0.0,食材 新鮮 重 口味 油膩 好吃 竹筍包 好吃 小孩 吵 外帶 冷凍 回家 吃
1.0,無 菜單 料理 老闆 好 豪氣 大方 份量 足夠 打包 自製 樹薯包 回 民宿 當 宵夜
0.0,棒 草皮 浴室 廁所 設備 完善 環境 棒
0.0,舒服 乾淨 漂亮 露營區
0.0,有 浴缸 環境 不錯 孩子 喜歡 早餐 菜 好幾 樣 辣 孩子 吃 辣
0.0,交通 方便 外面 有 第一 飯店 位於 巷弄 內 公園 旁邊
0.0,鬼屋 跟 照片 不符 廁所 衛生
0.0,礁溪 地區 特色 民宿 德國 先生 台灣 老婆人 親切 菜色 衛生 房間 有 特色
0.0,德國 豬腳 印象 建議 住宿 預訂 晚餐 嚐嚐 德裔 主廚 老闆 好 手藝
0.0,適合 放鬆 心情 享受 美食 地方 主人 用心 佈置 個 感受 品質 地方
0.0,房間 棒 在 東海 商圈 裡頭 隔壁 住 女生 熱情 吵 之外 其他 好
0.0,老闆 用心 貼心 準備 水果 零食 飲料 房間數 多 乾淨 下 次 想 回訪 民宿
0.0,老闆 人 親切 熱情 招待 有 機會 去 宜蘭 想 住
0.0,乾淨 舒適 床 大 雙人床 睡 三 人 沒 問題
0.0,房間 乾淨 舒適 隔音(A) 好 服務 人員 態度 專業 餐廳 整體 規劃 良好 早餐 內容 豐富
1.0,1F 迎賓 大廳 桌面 有 導覽 地圖 旁邊 沙發區 有 提供 24H 免費 咖啡
0.0,櫃檯 人員 親切 附近 有 廟東 夜市 美食 很多 騎 腳踏車 棒 飯店
0.0,民宿 老闆娘 熱情 環境 清幽 房間 舒適 小小 貓 互動 良好 小 狗 斑斑 照顧 旅客
0.0,早餐 簡單 南瓜粥 配上 青菜 鹹 饅頭 簡單 美味
0.0,小朋友 愛 民宿 狗狗 貓咪 棒 地方
0.0,舒適 環境 民宿 主人 親切 附 早餐 豐富 好吃
0.0,老闆娘 人 美 心 美 服務 周到
0.0,老闆 老闆娘 親切 熱情 裝潢 溫馨 推薦
0.0,主人 細語 態度 親切 房間 裡 有 電視 冷氣 矮桌 坐椅 衣架 設施 臥鋪 舒適
0.0,有 人情味 老闆 富有 新意 設計感 裝潢 舒服 離 車站 近 滿意
0.0,民宿 位置 靠近 火車站 難 找 進 民宿 覺得 美 有 花牆 適合 打卡
1.0,房子 舊 房間 空間 算 大 滿 平價 當天 入住 3 人 給 三 張 雙人床 棒
0.0,老闆娘 親切 有禮 地點 算 不錯 路 小 條 有 含 停車位 一樓 房間 濕氣 重
1.0,交通 停車 方便 離 夜市 近 巷弄 安靜 價格 實惠 住 10 次
0.0,禁菸房 有 菸味 房間 設備 偏 舊 停車場 位置 很少 需要 留 鑰匙 讓 館方 移車
0.0,停車 方便 夜市 旁邊 覓食 容易 早餐 簡單 電視 頻道 沒有 Good TV
0.0,隔音(A) 爆炸 爛 晚上 11點 聽到 大人 孩子 喧嘩聲
0.0,景觀 美 房間 舒適 寬敞 裝潢 美 服務 佳 早餐 美味 推
1.0,飯店 業者 有 翻新 棒 比 汽車 旅館 便宜 比 台北市 飯店 便宜 空間 大
0.0,夜景 美 氣氛 好 浴室 有 電視 有 特殊 設備
0.0,寢具 家具 有 歷史 早餐 地瓜粥 一 鍋 配 豆腐乳 算 接受
0.0,棒 住宿 體驗 感謝 老闆 招待 金山 地瓜 地瓜葉 空間 超大 大人 小孩 開心 放鬆
0.0,自然 溫馨 適合 全 家 團體 旅游 好 去處 內 有 自然 溫泉 露天 仰望 星空 景觀台
0.0,好 山 好 水 地方 民宿 主人 工作 人員 服務 一級棒 值得 造訪
0.0,請 響導 到 栗松 溫泉 全 台 美 野溪 注意 房間 沒有 wifi
0.0,環境 清淨 設備 齊全 住宿 旅館
1.0,房間 乾淨 廁所 乾淨 高
0.0,環境 乾淨 東西 好 下酒
1.0,隔音(A) 差 有 很多 吵雜聲 便宜
1.0,房間 環境 價位 CP值 地點 交通 方便度 好 適合 想 在 台北 都市 泡湯 住宿 人
0.0,飯店 新 設備 好 工作 人員 態度 親切 服務 好 近 南京 復興站 推薦給 大家
1.0,在 大台北 市區 有 時間 久 房間 棒 溫泉 湯屋 棒 價格 美麗
1.0,房間 大 價格 親民 老闆 親切 飲料 好喝 主動 幫忙 美好 感受
0.0,2 次 入住 乾淨 簡約 地方 交通 方便 老闆 人 好
0.0,透過 家人 介紹 第一 次 入住 二 晚 民宿 老闆 客氣
0.0,鐵捲門 遺失 房客 資料 打電話 來 房間 問 我 覺得 指導 人 負 大 責任
0.0,下樓 逛 夜市 房間 安靜 床 睡 舒服 浴室 有 浴缸 早餐 中西式(A) 多樣 有 牛奶
0.0,飯店 樓下 逢甲 夜市 位置 超棒 自助式(A) 早餐 菜色 多
0.0,櫃檯 人員 服務 好 態度 親切 大廳 冷氣 涼 看到 櫃檯員 吹 電風扇 心疼
0.0,面對 伯朗大道 田園 山嵐 風景 美 房間 隔音 理想 服務 親切
0.0,老闆 熱情 老闆娘 料理 手藝 讚 環境 幽美 有 家 感覺
0.0,房東 媽媽 友善 熱情 準備 豐盛 美味 早餐 有 問題 熱心 回答 介紹
0.0,咖啡 吧台 漂亮 我們 住 樓中樓 棒 外面 陽台 大 景色 棒 推薦
0.0,房務 做 棒 每 個 房間 戶外 有 浴缸 有 現場 DIY 午 茶 服務 雅致 飯店
1.0,服務 品質 好 安排 彩繪 烤 餅乾 付費 活動 小孩 去 無聊 晚餐 合菜 好吃
1.0,對面 金台灣 山莊 中餐廳 不錯 吃 價格 合理 有 桌 菜 適合 親子 家庭 旅遊
0.0,房子 乾淨 舒服 民宿 外面 有 漂亮 風景 老闆 跟 闆娘 服務 棒
0.0,包木屋 舒服 提供 早餐 還好 建議 去 東河 買 包子 吃
0.0,環境 乾淨 舒適 美麗 整潔 花園 無敵 海景 有 熱情 管家 我 住 最 好 民宿
0.0,連續 假期 入住 優質(A) 民宿 親切 女 主人 豐盛 早餐 溫馨 假期
0.0,目前 在 營業
0.0,主題 套房 美女 蘇 小姐 精心 設計 到 台南 來 干淨 舒適
0.0,枕頭 跟 床 軟 超 好 睡 冷氣 吹 涼 從 北下 到 台南 玩 住 環境 品質 重要
0.0,看到 運河 景 晚上 道路聲 隔音(A) 差 環境衛生 OK
0.0,12點半 5點半 中班 裡面 服務 好 每 天 有 小菜 吃 水果  棒
0.0,大 台中 景點 小吃 有 夜市 個 不錯 旅館 大家 推推
0.0,賓館 樓上 有 KTV 隔音(A) 差 噪音 擾 人 房 內 設施 老舊 鏡子 浴缸 破損
0.0,火鍋 不錯 吃 老闆 冷 泡茶 味道 棒 觀景台 看出去 視野 棒
0.0,平日 早餐 有 吐司 夾 果醬 咖啡  房間 隔音(A) 差
0.0,老K 民宿 餐廳 後方 走 五 分鐘 景觀台 景觀 美 值得 散步 走走 來 此
0.0,房間 乾淨 明亮 衛浴 設備 用品 齊備 樓下 櫃檯 有 人 備有 茶包 泡麵 舒服
1.0,地方 不錯 價位 與 一般(A) 旅社 接近 品質 覺得 比 一般(A) 飯店 好 很多 老闆 用心
0.0,環島 經過 颱風 住 3 天 民宿 幫忙 照顧 三 餐 房間 新淨 購物 用餐 方便
0.0,熱情 可愛 老闆 房間 環境 乾淨 舒服 離 夜市 知名 小吃 近 來 宜蘭 住 這 對
0.0,整潔 舒適 有 電梯 有 浴缸 內 桌子 小 門 重 隔音(A) 好 接受
0.0,乾淨 民宿 推薦 愛 乾淨 遊客 前往
0.0,房間 超棒 浴室 超讚 有 機會 來
0.0,喜歡 他們 家 冰箱 適合 帶 小朋友 住 二樓 三樓 有 小朋友 遊戲室
0.0,近 林默娘 公園 安平 老街 德陽 軍艦 適合 家庭 朋友 包 棟
0.0,服務 人員 客氣 浴缸 流出來 水 有些 沙子 房間 有 小 蟑螂 早餐 普通 下 次 住
0.0,一 個 地方 黏黏 上 一 個 客人 吃 東西 滴下來 湯汁 早餐 用 單(A) 點 套餐 不錯 吃
0.0,櫃臺 小姐 服務 態度 差 問 他 剩 幾 人 房 解釋 不清不楚 爛
1.0,老闆 熱心 高 cp值 質感 超棒 房間 有 電梯 民宿 來 台東市 住 這 間 後悔
0.0,空間 乾淨 明亮 老闆娘 親切 借 腳踏車 離 全 家 不到 100 m 早餐 好吃
0.0,主動 告知 房 內 有 遺落 物品 予 旅客 喇叭 我 東西 寄送
0.0,朋友 聚會 玩樂 好 地方 空間 舒適 打麻將 唱歌 烤 肉 怕 吵到 別人
0.0,房間 裡 浴缸 熱水 熱 跟本 沒辦法 泡澡 浪費 美 浴缸
0.0,高雅 寬敞 舒適 自在 沒有 飯店 服務 細心 位置 在 田 間
1.0,服務 好 價格 實惠 4人房 寬敞 明亮 早餐 送 麥當勞 餐卷 近 宜蘭 夜市 方便
0.0,大廳 香氣 怪 浴室 像 陽台 格出來 空間 房間 地板 襪子 踩上去 腳底 黑
0.0,錢 對 一般(A) 遊客 客氣 不得了 幫忙 開門 關門 勒 東西 雙手 奉上 阿學 生 東西 甩 桌 上
1.0,服務 空間 隔音(A) 味道 尚可 早餐 簡便 價錢 合理 地點 好 找 在 夜市 隔壁
0.0,房間 整 晚 廁所 化糞池 屎味 古董 電視機 調 冷氣 30 年 前 旅社
0.0,房客 喧嘩 吵雜 到 深夜 中央 空調 直接 排 煙味 躺 床 全 身 癢 2250 商務 二 人 房 品質
0.0,房間 乾淨 早餐 有 咖啡 醬菜 魯肉 飯 稀飯 青菜 冷氣 浴ok
1.0,飯店 距離 員林 車站 櫃檯 服務 人員 親切 CP值 高 物超所值
1.0,果醬 飲料 有 牛奶 柳橙 跟 咖啡 簡單 早餐 房價 親民 下 次 有 機會 想 入住
1.0,櫃檯 人員 親切 熱情 房間 設備 齊全 CP值 高 床 好 睡 間 入住 汽車 旅館
1.0,空間 價格 公道 服務 人員 有 禮貌 可惜 煙味 重 房客 問題
0.0,下雨天 窗戶 牆壁 滲水 進 房 大部分 硬體 設施 老舊 冷氣 涼
1.0,Cp值 高 民宿 離 車站 近
1.0,新 房子 乾淨 整齊 價格 優惠
0.0,乾淨 舒適 除了 早餐 提供 麵 飯 粥 包子 消夜 提供 24 小時 茶點 咖啡 蛋糕
0.0,好 有 提供 宵夜券 罪惡 擔仔麵 麻辣燙(A) 豆花 涼麵 肉包 水果
0.0,服務 好 洗衣 餐點 不錯 茶包 種類 很多 房間 乾淨 有 免治(A) 馬桶 來 台南 第一 選擇
0.0,位於 澎湖 柔道 國家級 教練 旅遊 累 時 老闆 王 老師 有 在 推拿
0.0,老闆 推銷 包車 貴 把 學生 當 肥 羊 隔音(A) 好 蓮蓬頭 水量 大 小
0.0,老闆 人 好 有 人情味 推薦 當地 美食 人 阿莎力
0.0,離 捷運站 遠 附近 有 全聯 市場 宵夜 方便 環境 整潔 舒適
0.0,晚上 餓 附近 有 便利商店 滷味 鹹酥雞 買 方便
0.0,乾淨 舒適 睡 安心 位於 永和 美食 喜歡 靠近 車站 旅客 考慮 一下
1.0,不錯 cp值 高 房間 乾淨 服務 人員 親切 有 問題 幫忙 下 次 來 台北 在 來
0.0,5 帶 2 大 箱 行李 兩 個 小孩 在 街頭 流浪 臨時 尋覓 住宿 地點
0.0,環境 舒適 乾淨 整潔 有 隔音窗 室 內 隔音(A) 不佳 聽 到 走廊 講話 聲音
0.0,櫃檯 親切 房間 氣氛 好 床 乾淨 舒適 早餐 麥當勞 來
0.0,漂亮 第一 次 棒 房間 室外池 超大(A) 推 ktv 房
0.0,乾淨 無 瑣碎 風格 體驗 不同 建築 形式 房間 簡約 舒適 管家 做 早餐 好吃
0.0,純粹(A) 建築 放鬆 心情 簡單 生活 好 地方
0.0,花蓮 公東 教堂
1.0,房間 乾淨 服務 親切 洗衣 免費 有 停車場 近 捷運站 洗衣 等待 區 咖啡 免費 推薦
0.0,服務 好 裝潢 好 隔音(A) 好 樓下 停車位 有限 wifi 慢 到 爆 中華 訊號 差
1.0,經濟 實惠 旅店 乾淨 舒適 早餐 菜色 適合 台灣人 水果 蔬菜量 足 值得 推薦
0.0,位置 在 馬亨亨 大道 上 離 台東 公園 近 好找 離 市區 算 近 騎車 停車 方便
0.0,四 人 房 床 旁邊 突出 兩 個 木板 腳 容易 撞到 浴室 沒有 漱口杯 自己 拿 馬克杯 麻煩
0.0,裝潢 住 算 舒適 老闆娘 人 和善 早餐 咖啡 好喝 熱水澡 沖 過癮
0.0,距離 恆春 老街 近 走路 5 分鐘 到達 房間 乾淨 重點 有 電梯
1.0,老闆 人 好 客氣 環境 乾淨 平價 下 次 有 機會
0.0,有 貼心 有 桌上鏡 女生 化妝 保養 方便
0.0,阿姨 熱情 照顧 客人 像 回家 一樣 放鬆 推薦
0.0,環境 清悠 房間 乾淨 舒適 老闆 親切 像 自己 家人 值得 推
0.0,第一 次 到 金門 玩 房間 乾淨 隔音(A) 不錯 阿姨 健談 田園 風景 看 舒服 想
0.0,老闆 老闆娘 為人 和善好客 房間 乾淨 舒適 茶園 美 讓 人 放鬆 茶 棒 值得 推薦
0.0,舒服 沒有 多餘(A) 裝飾 環境 像 回 阿公 阿嬤 家 感覺 中式(A) 早餐 豐盛 好吃
1.0,老闆 親切 5 人 住 4 人 房 跟 我們 收錢 ps. 有 可愛 貓咪
0.0,藥膳 湯頭 讚 泰式 椒麻雞 不錯 肉醬 義大利麵 夭壽 難吃 醬 水 甜點 棒
0.0,餐點 不錯 餐廳 內 多 蚊子 服務 人員 拿 電扇 幫忙 服務 態度 好
0.0,景觀 民宿 飲料 不錯 在地人 推薦 熱心 機車 接送
0.0,環境 超好 房間 我 喜歡 早餐 麵包 自製 蔬菜 水果 當地 當 季 超 讚
0.0,床 睡 舒服 窗戶 眺望 出去 美景 老闆 親切 熱心 個 適合 家庭 出遊 民宿 地點
0.0,舒適 空間 溫暖 藝術 氣息 和藹 民宿 主人 推薦 大家 入住
1.0,價格 公道 環島 時 住 四 個 人 便宜 服務 不錯 推薦 背包客 前往
1.0,不錯 地方 在 懇丁 中心 設備 不錯 房間 乾淨 主要(A) 價格 貼心 推
0.0,位置 好 近 墾丁 大街 方便 對面 海邊 走過去 一 分鐘
0.0,貼心 無意 中 發現 那 基督徒 開 店 馬祖 旅 住 最 好 民宿 值得 推薦
0.0,在 市區 中心 棒 乾淨 舒適 老闆娘 親切
0.0,房間 乾凈 服務 好 專業
0.0,房間 乾淨 冷氣 設備 吵 設施 可以 晚餐 早餐 不錯 種類 齊全 有 機會 去
0.0,一 港景房 景色 美 看 到 大港橋 駁二 特區 高雄 音樂 中心
0.0,浴缸 有 健身房 三溫暖 游泳池 有 迎賓 水果 礦泉水 小 瓶 可樂 雪碧
0.0,隱藏 在 住家 裡面 咖啡館 有 落地 玻璃 看 外頭 風景 放鬆 飲料 食物 用心
0.0,店 內 使用 馬克杯 動物 造型 可愛 有 特色 氣氛 悠閒 到 高美 濕地 遊玩 後 坐坐
1.0,裝潢 精美 餐點 精緻 價位 中高(A) 民宿 主人 熱情 用心 推薦 附近 景點 交通 方式
0.0,房間 舒適 床 舒服 推薦 一家人 遊玩 住宿 地點 離 夜市 近
1.0,收 600 元 清潔費 有 合作 停車場 300 元 無限 次 進出 家庭房 客廳 空間 大
0.0,冷氣 略顯 老舊 上 鋪 離 天花板 近 老闆娘 熱情 服務 態度 好 推薦 帶 小朋友 家庭
0.0,無 菜單 料理 吃到 野菜 特色 食材 老闆 自己 醃製 鳳梨 豆腐乳 好吃
1.0,有 停車場 停車 方便 從 小菜 到 料理 自種 自製 烹調 菜色 道道 美味 價格 適中 推薦
0.0,和 奶奶 聚餐 好 地方 餐點 清爽 適合 夏天 吃 最後 甜點 有 特色 炒米粉 好吃
0.0,沒 熱水 電視 爛 早餐 跟 成功嶺 一樣 唯一(A) 優點 房間 大
0.0,別 家 櫃台 小姐 看 人家 態度 怎麼樣 妳 這 種 差勁 態度 客人 想 給 妳 小費
0.0,房間 髒亂 灰塵 多 菸味 冷氣 冷 浴室 毛巾 兩 條 早餐 自助式(A) 沒 菜
1.0,房間 不錯 價格 有 露天 浴缸 感覺 舒服 空間 下 次
0.0,優點 浴室 乾 濕 分離 設計 棒 喜歡 汽泡 水機 旅館 地點
0.0,大廳 感覺 有別於 一般(A) 飯店 呆板 偏向 夜店 風格 活潑 房間 偏 小 隔音(A) 好
0.0,早餐 有 清 粥 小菜 自己 煮 油麵 沙拉 水果 優格
0.0,睡眠 品質 高 床 枕頭 軟硬 適中 民宿 主人 親切 熱情 給 很多 行程 建議 推薦
1.0,老闆 熱心 把 客人 當 家人 一樣 介紹 景點 給 我們 房間 大 乾淨 Cp值 爆表
0.0,離 火車站 近 停車 方便 附近 有 7-11 全家 飲料店 阿亮 雞排 重點 老闆 人 好
1.0,Cp值 高 14樓 辦理 住宿 咖啡 好喝 浴室 明亮 隔音(A) 效果 不佳 床 好 睡
0.0,值得 回訪 服務 好 位置 好 設備 乾淨 歐舒丹 盥洗 用品 台北 街道 夜景
0.0,位在 繁華 商圈 房間 乾淨 整潔 櫃檯 人員 親切 附 早餐 送到 房 棒 商旅 入住
1.0,需求 恐 久侯 地點 便利 步行 至 台北 車站 西門 商圈 算是 經濟 住宿 一 個 選項
0.0,房間 有 獨立 衛浴 設備 空間 超棒
0.0,現場 服務 人員 親切 友善 交誼 大廳 大 太空艙 膠囊房 舒適 超 有 特色
1.0,房間 小 環境 乾淨 價格 親民 習慣 雙人床 小
0.0,老闆 體貼 親切 有 美味 早餐 吃 推薦
1.0,平價 老闆娘 親切 床單 乾淨 身體 癢
0.0,專業型 開飲機 有 小 陽台 曬 一下 衣服 隔天 乾 老闆 親切 優 民宿 推
0.0,房間 舒適 床 好 睡 在 鬧區 摩托車 噪音 少 一 覺 好 眠
0.0,這 家 窩旅 有 提供 一 個 交誼廳 空間 消除 沉默 彼此 打開 心 分享 旅遊 經驗 美食 分享
0.0,廚房 有 提供 餅乾 飲料 買 去 到 全 家 買
0.0,離 車站 客運站 近 有 機會 想 回住
0.0,離 車站 近 房間 大 訂 放 有 人 接洽 主題 民宿 推薦 洽公 背包客 住宿
0.0,4 人 房 空間 超大(A) 床埔 大 整體 乾淨 舒適
1.0,價格 公道 背包客 民宿 老闆 客氣 旁邊 有 機車 代步 工具 租乘
0.0,烤肉區 沙坑 有 山景 一切 棒 老闆 老闆娘 人 親切 5星級
0.0,老闆 親切 晚餐 早餐 豐盛 房間 有 冷暖器 床 舒適 贊
0.0,老闆 親切 住宿 環境 乾淨 俯瞰 三義 地區 適合 小 旅行 住宿 地點
0.0,簡單 舒適 附 高速 電腦 租 車子 靠近 東林 鬧區 方便 舒適
1.0,民宿 豪華 配備 齊全 大廳 寬敞 明亮 設有 理髮 部門 門口 備有 單車 免費 租乘
0.0,住 貨櫃 改成 房屋 一 個 人 尚可 如 二 位 吊 衣服 沒 衣架 沒 熱 開水 用
0.0,像 日本 膠囊 旅館 距離 捷運站 近
0.0,房間 乾淨 整潔 全 家 出遊 住宿 包 棟 方便 車位 找 一下
0.0,不錯 地方 裝潢 美
0.0,去 墾丁 旅遊 時 人數 建議 至 此 處 包 棟
0.0,蚊子 很多 蛋 店家 貼心 準備 電蚊拍 讓 旅客 做做 運動
0.0,環境 乾淨 有 宵夜 早餐 提供 房間 隔音(A) 好 整 晚 聽到 隔壁 音樂 動 動 聲音
0.0,建議 女湯 個人 淋浴 上方 加置 毛巾 置物 架子 卡片 擦乾用 浴巾 怕 濕
0.0,地理 位置 好 交通 方便 環境 乾淨 浴室 水柱 強 有 按摩 效果 服務 人員 服務 好
0.0,好 早餐 有 粥 小菜 咖啡 飲料 土司 多 種 醬
0.0,晚班 小姐 服務 態度 惡劣 價格 說 依 房間 內 髒 灰塵
0.0,靠 火車站 一 面 聲音 大 觀察 火車 車站 生態
0.0,設施 不錯 泡麵 點心 咖啡 茶包 有 吹風機 一般(A) 般 床 軟
0.0,位於 北海岸 風景區 暑假 帶 孩子 出遊 棒 住宿 地點
0.0,夜班 櫃檯 專業 解說 用心 有 耐心 跟 我們 介紹 環境 大 乾淨
0.0,地點 離 花蓮 市中心 有 段 距離 乾淨 設計感 十足 老板 人 好 跟 他 訂 溯溪
1.0,跨年(A) 連假 臨時 找到 民宿 整體 乾淨 新 寵物 友善 水溫 穩定 CP值 高
0.0,大樓 裡 套房 比 預期 落差 室 內 牆壁 塗鴉 海邊 風格 不錯 陽台 高層樓 視野 美
1.0,豪華 四 人 房 一千 初 有 洗衣機 大 冰箱 浴缸 我 泡 物美價廉
0.0,環境 舒適 房間 感覺 溫暖 像 自己 家 一樣 下 次
0.0,距離 羅東 夜市 近 停車 地方 遠 房間 大 舒適 早餐 吃 外面 咖啡廳
0.0,住 舒適 地點 棒 門口 隔音(A) 弱 其他 房客 問題
0.0,附近 紅線 停 機車 擔心 被 拖吊 給 四 顆 星 原因
0.0,房間 沒有 華麗 裝潢 設施 有 暖暖 人情味 整體 住宿 品質 不錯
1.0,洗澡 洗 到 一半 沒 熱水 房間 隔音(A) 差 浴室 沒有 盥洗 備品 房間 沒有 礦泉水 值 糟透
0.0,老闆娘 熱情 早餐 好吃 來 北竿 首推 飯店
0.0,老闆 親切 友善 房間 舒適 漂亮 有 屬於 自己 特色 二樓 有 提供 小 茶點
0.0,早餐 普通 床 感覺 塌陷 建議 換新 床墊
1.0,老闆 親切 有禮 民宿 內部 裝潢 新 乾淨 免費 點心 好吃 謝謝 老闆 招待
0.0,早餐 有 麥當當 選擇 房間 乾淨 寬敞 床 家大版 輕 旅行 好 選擇
0.0,有 一 個 浴缸 全 推給 新進(A) 人員 說 新人 清楚 搞錯 房型 態度 好
0.0,房間 有 很多 螞蟻 洗澡水 冷 熱 服務 好 設備 不行
0.0,全新 設備 全新 環境 有 一 大 片 綠 草地 外加 親切 名宿 女 主人 舒服 放鬆
0.0,房間 狀況 佳 露營 風景 好 離 老街
0.0,有 特色 質感 旅店 房間 大 餐點 優 戶外 樹林 美 幽靜
0.0,棒 民宿 有 家 感覺 服務 輸 飯店 有 文青風
0.0,環境 舒適 放鬆 房間 乾淨 早餐 養生 房間 隔音(A) 效果 不佳
0.0,親子 房間 很多 玩具 給 小孩 玩 有 戶外 電動車 玩沙池
0.0,服務 老闆娘 好客 喜歡 小朋友 動物 少數 真誠 歡迎 毛小孩 旅店
1.0,有 自己 停車場 空間 大 沙坑 小 泳池 電動車 孩子 玩 開心 價錢 實在 老闆 熱情
0.0,單人床 大 舒服 基本 上 整 個 房間 狀況 官網 上 照片 沒有 大 差別
0.0,房 內 提供 備品 水 垃圾袋 消毒 用品 用完 通知 飯店 補充
0.0,吃到 牛肉麵 鍋貼 滷肉飯 平價 美食 在 餐食 上 滿足
0.0,房型 設施 舊 離 海邊 近 抓 寄居蟹 螃蟹 小 魚 主人 待人 親切
0.0,離 海洋 生物館 近 民宿 主人 和善 牙刷 品質 好 四 人 房 適合 家庭 住 貓咪 很多
0.0,房間 乾淨 床 舒適 老闆 老闆娘 愛心 早餐 好吃
1.0,整體 住宿 大 cp值 不錯 早餐 簡約 蛋餅 吐司 老闆 服務 熱心 親切
0.0,享受 走路 1 分鐘 到 海灘 感覺 有 優閒 氣氛 地方 老闆 給 人 隨興 感覺
0.0,店主 親切 大方 房間 乾淨 明亮 衝浪 者 歇腳 休息 好 所在
0.0,老闆 熱心 親切 溫馨 熱情 衝浪屋 看 海 放鬆 舒適 好 地方
0.0,一樓 餐廳 服務員 健談 幽默 甜點 好吃 住宿 品質 好 從 陽台 望出去 景色 美
0.0,風景 位置 整體 規劃 一流 建築 房間 設施 有 歲月 痕跡 絲毫 減損 住宿 舒適性
1.0,飯店 平面式 停車位 停車 免費 每 間 客房 有 落地窗 湖景 街景 景觀 不錯
0.0,房間 動線 規劃 有待 改善 適合 夜宿 泡 浴缸 溫泉 晚上 缺少 景點 逛
0.0,老闆 熱情 房間 大 看出去 景色 好 隔音(A) 好 其他 棒
0.0,地點 便利 剛好 在 嶺頂 公園 對面 停車 公車 方便
0.0,美 五星級 飯店 裝潢 設備 一流 早餐 豐盛 好吃 一切 完美 無瑕 讚
0.0,五星(A) 等級 民宿 床 舒服 電視 大 廁所 乾淨 提供 幫 你 租 機車 帶 你 選 車 服務
0.0,環境 好 氣氛 超優 老闆 樂 推薦 旅店
0.0,早餐 好吃 老闆 親切 老闆娘 漂亮 毛小孩 天堂 大人 渡假 聖地 有 寵物 推推
0.0,給 家 裡 毛小孩 舒適 環境 自由自在 讓 父母親 放鬆 好 地方
1.0,老闆 人 健談 咖啡 泡麵 限量 供應
1.0,老闆 人 好 房間 不錯 cp值 高 離 高跟鞋 教堂 不遠 推
0.0,老闆 親切 環境 乾淨 停車 容易 距離 彩繪 牆 最近 距離 高跟鞋 近 走 幾 分鐘 路 到
1.0,空間 寬敞 環境 舒適 老闆娘 熱心 價格 便宜 五 顆 星
0.0,浴室 打掃 乾淨 明亮 民宿 主人 親切 早餐 用心 謝謝 推薦
0.0,讓 雞肉 升級 活動 氣氛 讓 老少 有事 忙 釣魚
0.0,山明水秀 重回 純真 年代 感覺
0.0,老闆 親切 冰箱 飲料 濾掛 咖啡 任 吃 房間 大 狗狗 可愛 下 次 想
0.0,老闆 人 親切 跟 回到 自己 家 一樣 地方 偏遠 住宿 環境 好 沒有 什麼 蟻蟲
0.0,5. 一樓 咖啡廳 住宿 享受 厚片 吐司 咖啡 飲品 蛋糕 下午茶 套餐
0.0,精緻 水果 品質 好 素 肉燥 煮 麵 澆 飯 好吃 高 樓層 風景 美 有 機會 想 入住
1.0,天母 地區 超棒 便宜 飯店 中餐 晚餐 辦桌 新鮮 好吃 乾淨 明亮 設施 齊全 好 旅館
1.0,海景 山海房 一 個 好 觀賞 九份 景色 房間 房價 中上(A) 附贈 早餐 優秀
0.0,海景房 景 美 老闆 幫忙 找 停車位 缺點 在 老街 上方 往 上 爬 累
0.0,觀 景 棒 民宿 坐 在 窗 前 有 美景
0.0,餐飲 好吃 晚餐 早餐 自助餐 用 廉價 食材 吃 隔壁 全家 便利商店
0.0,房間 煙味 重 隔音(A) 好 櫃檯 態度 友善
0.0,一 星 給 唯一(A) 及格 浴室 有 乾淨 地板 穩定 熱水 馬桶 管線 漏水
0.0,在 永和 竹林路 上 鬧中取靜 方便 好 鄰居
0.0,老闆娘 有 介紹 螢火蟲 季節 我們 期待 這 次 生態 旅
0.0,在 靠近 自然 環境 地方 有 些 小 動物 活動 痕跡 無可厚非
0.0,環境 佳 房間 乾淨 主人 用心 博學多聞
1.0,老闆 親切 詳細 介紹 附近 景點 活動 住宿 設施 完善 良好 價格 公道
0.0,空間 大 有 冰箱 飲料 零食 貼心 設施 交通 便利 停車 方便 主人 親切
0.0,房間 衛浴 乾淨 四捨 五入 小姐 有趣 櫃檯 人員 親切 花蓮 入住 棒 選擇
0.0,離 車站 公車站 走路 5 分鐘 到 附近 早餐店 餐廳 7-11 全聯 有
0.0,棒 地方 離 夜市 近 房間 溫馨 老闆 客氣 親切 閒聊 推 推 推
0.0,有 停車場 室 內 乾淨 床 舒服 老闆 人 好 車 開進來 巷口 小 小心 行駛
0.0,在 一樓 客廳 唯一(A) 缺點 在 巷弄 內 難找 有 停車 空間
1.0,距離 高雄 車站 捷運 大 交通 系統 10 分鐘 路程 住宿 方便 房價 實惠 旅店
1.0,環境 舒適 房間 整齊 乾淨 附 點心 早餐 棒 隔音(A) 效果 好 整體 cp值 高
0.0,下午茶 夜點 有 鹹 甜包子 饅頭 茶葉蛋 白飯 肉燥 有 各 式 冷 熱 飲品 供 選擇
0.0,種 遊玩 學生 照顧 幸運 與 老闆娘 結緣 一 間 棒 民宿 大推
0.0,老闆 人 好 房間 隔音(A) 差 有 重 霉味 漏水
0.0,冷气 吵 沒 早餐 聽 一 整 晚 車聲 隔音 差
0.0,豪華 房間 大 設備 佳 泳池 高爾夫 三溫暖 運動 中心 空中 花園 早餐 咖啡 苦焦 難 喝
0.0,環境 9 交通 8＊ 服務 9＊ 衛生 設施 9 建議 一 17 今早 味噌湯 口感 酸酸
1.0,面湖房 景觀 優美 房間 乾淨 舒適 住宿 送 隔壁 國賓 戲院 電影票 晚上 怕 沒 處 去
0.0,房間 舒適 乾淨 蔬食 早餐 菜色 佳 服務 好 地點 方便 有 停車場 棒 住宿 體驗
0.0,裝潢 精緻 服務 態度 不錯 離 漢神 巨蛋 百貨公司 瑞豐 夜市 近 推薦 景觀房
0.0,隔音(A) 差 洗 版文 太多 一樓 餐廳 拉 桌椅 聲音 震撼 半 棟 飯店
0.0,沙發 六 人 房 寬敞 闆娘 人 客氣 可惜 房間 沒 冰箱 冰 東西
0.0,隔音(A) 爛 衛浴 設備 不足 樓中樓 房間 點 小 電視 畫質 好 被子 掉毛
0.0,風景 好 服務 好 品質 優 推薦 一 家 民宿 值得 選擇 一 家
0.0,點心 棒 夜晚 隔壁 KTV 聲音 聽 清楚
0.0,飯店 樓上 樓下 酒店 晚上 全 重 低音 喇叭 聲音 沒辦法 睡
0.0,舒適 房間 簡 風格 free bar 晚上 肚子 餓 救星 服務 人員 素質 高
0.0,環境 簡潔 老闆 親切 設施 介紹 詳細 有 幫忙 準備 早餐
0.0,管家 貼心 房間 景 美 早餐 用心 有 歐洲 鄉村風
0.0,地點 便利 景色 視野 絕佳 直接 遠眺 大鵬灣橋 親切 友善 民宿 主人 讚
0.0,優質(A) 民宿 老闆 親切 民宿 設計 每 個 細節 用心 廁所 超級(A) 無敵 大
1.0,位置 適當 好 飯店 CP值 高 沒有 早餐 房間 大小 工作 人員 不錯
1.0,超 CP 值 好 旅館 推薦 乾淨 便宜 o 地點 近 審計 新村 美術館
0.0,在 住宅區 周圍 晚上 安靜 櫃檯 態度 好 除了 冷氣 聲音 大 一切 不錯
0.0,老闆 們 親切 這裡 像 家 感覺 環境 乾淨 整齊 設備 完善 推薦 住宿
0.0,阿公 阿嬤 熱情 適合 需要 住宿 人 水 小 一些 在 文化 夜市 旁邊 方便
1.0,價格 便宜 住宿 品質 一般 老闆 在 一樓 大廳 吸菸
0.0,除了 空調 傳來 陣陣 煙味 冷氣 冷 調 溫度 外 我 覺得 住在 這裡 大體 上 舒適
0.0,我 滿意 好 服務 人員 尼斯 新 房間
0.0,今天 我 個資 留給 悅來 你 其他 名字 飯店 憑 甚麼 打給 我
0.0,整體 乾淨 停車 方便 房間 外觀 特殊 在 室 內 走動 有 感覺
0.0,小木屋 附近 生態 保育 帶 小孩 認識 大自然
0.0,躺下 看見 天空 車子 直接 停 小屋 正對面 草皮 喜歡
0.0,服務 好 房間 整潔 乾淨 有 氣氛 超棒
0.0,住 3 次 老闆 老闆娘 客氣 把 房子 維持 好 房間 乾淨
0.0,服務 好 環境 舒適 提供 設施 不少 整理 乾淨
0.0,舒適 早餐 棒
0.0,個 欣賞 日落 觀賞 雲海 民宿 房間 簡單 乾淨 附有 陽台 欣賞 美 口景 老闆 親切 隨和
0.0,風景 無敵 老闆 親切 餐點 美味 觀 雲海 賞 螢火蟲 放鬆 好 地方
0.0,吃 晚餐 早餐 菜色 豐富 口味 宜人
0.0,離 捷運 近 附近 有 華山 藝文(A) 中心 房間 整修 乾淨 整潔 有 機會 入住
0.0,包 三 餐 吃遍 台灣 小吃 越南 西式(A) 餐點 有 台灣 盛名 水果 飲料
1.0,交通 方便 離 捷運站 超 近 飯店 房間 乾淨 衛生 價格 平易近人 超優 值得 推薦
0.0,棒 放鬆 好 地方 早餐 有 中西式(A) 料理 有 多樣 中式(A) 菜餚 水果 樣式 少
0.0,不錯 民宿 房間 內 有 泡湯池 早餐 豐富 欣賞 戶外 田野 風光
0.0,空間 大 停車 方便 飯店 有 溫泉 泡腳池 餵魚池 房型 偏(A) 舊型 乾淨
0.0,房間 乾淨 明亮 浴室 有 暖氣 小孩 開心 大人 放鬆
0.0,墾丁 恆春 住宿 唯一(A) 指定 綠蝸牛
0.0,老闆 美麗 大方 待人 親切 值得 住
0.0,泳池 溫泉 民宿 露營區 烤肉區 各 項 設施 完善 享受 悠閒 假期 好 地方
0.0,老闆 老闆娘 親切 房間 乾淨 舒適 游泳池 乾淨 小孩 大人 開心 下 次 安排 渡假
0.0,看 到 主人 用心 住宿 方面 值得 今天 天氣 冷  堶 掖 備 捨得 加溫 房價 間 泡澡
0.0,飯店 氣氛 好 房間 點 精油 床 柔軟 舒服 好 睡 浴室 棒 有 電視
0.0,5 早餐 中西式(A) 有 有 包子 吐司 稀飯 沙拉 小菜 種類 算 多 夠 吃
0.0,冰 豆漿 美式(A) 咖啡 好喝 精緻度 夠 改用 套餐 精緻
0.0,歐式(A) 建築 莊園 民宿 戶外 休閒 泡茶 聊天 好 地方 佈置 溫馨 空間 寬敞
0.0,環境 優美 這 次 入住 莎士比亞 4 人 房 房間 乾淨 空間 大 謝謝 老闆 老闆娘 熱情 招待
0.0,棒 露營區 小朋友 設施 很多 溜滑梯 滑水道 沙坑
0.0,住宿 環境 舒適 風景 美 早餐 手工 蛋糕 美味 民宿 主人 可親 推薦
0.0,昨晚 好友 入住 房間 乾淨 挑高 設計 寬敞 溫馨 原住民 風格 色彩 繽紛
0.0,有 美味 手作 甜點 香濃 咖啡 療癒 心靈
0.0,舒適 住宿 設備 乾淨 客服 聯絡 方便 快速
0.0,環境 乾淨 舒適 商家 服務 態度 好
0.0,衛浴 設備 不錯 冷氣 空調 舒適 洗衣機 飲水機 茶包 咖啡包 有 提供
0.0,巷弄 中 民宿 工業 風格 裝潢 乾淨 整潔 衛浴 共用 房門 上鎖
0.0,空間 規劃 舒適 一樓 公共(A) 空間 有 飲水機 冰箱 交通 地理 位置 良好
0.0,豪華 雙人房 空調 壞 隔音(A) 糟糕 蚊子 打 完 位子
0.0,人房 有 二 付 衛浴 設備 牙膏 毛巾 杯子 無 梳子 無 面紙 以 浴室 捲筒紙 代替
0.0,估計 飯店 洗 被子 服務員 在 上面 寫 房間 號碼
0.0,民宿 服務 人員 親切 早餐 多樣 豐盛 好吃 房間 內 有 大 浴缸 個 渡假 好 地方
1.0,環境衛生 地點 在 大 馬路 邊 泡茶水 煮飯 瓦斯爐 使用 加價 場地 寬闊 設備 齊全
0.0,櫃台 服務員 棒 spa 游泳池 設施 好 房間 浴室 舊
0.0,知本 小 夜市 民宿 主人 30 年 專業 按摩 老師傅 開車 累 時候 預約 按摩 讚
1.0,乾淨 停車 方便 住 那 天 房價 便宜 房間 外觀 可愛
0.0,推薦為 台東 民宿 首選 建議 直接 打電話 預定 快
0.0,空間感 採光 好 舒服 房間 乾淨 床 好 睡 晚上 在 陽台 躺椅 看 星星
0.0,棒 老闆娘 親切 請 我們 吃 早餐 喝 酒 推薦 住 澎湖 首選 住宿 下 次 在 光臨
0.0,鎖港 山水 沙灘 附近 有 潛點 騎車 5 分鐘 距離 算 方便 潛水
0.0,老闆娘 待人 和藹可親 住在 這裡 像 自己 家 棒
0.0,老闆娘 人 親切
0.0,寵物 友善 民宿 床 好 睡 大 浴室 棒 房間 空間 大 離 恆春 市區 近 早餐 好吃
0.0,地點 位於 市區 邊 路 邊 停車 房間 內部 挑高 舒適 有 電梯 搬 行李 面 山 景色 美
0.0,房間 設計 體貼 乾淨 舒服 披薩 好吃 烤 蔬菜 拼盤 好吃 老闆 們 友善 有 家 感覺
0.0,乾淨 有 洗衣 服務 有 送 早餐 好食 有 不同 小 狗 陪 客人 玩 香港人
0.0,一樓 休息區 客房 裡面 茶水間 廚房 乾淨
0.0,房間 乾淨 舒適 環境 佳 員工 親切 潛水 教練 專業 幽默
0.0,老闆 住 在 民宿 裡面 餐點 有 老闆 自己 種 菜
0.0,設備 客服 早餐 覺得 不行 唯一(A) 優點 房間 乾淨 給 一 顆 星
0.0,環境 棒 漂亮 乾淨 早餐 老闆 手作 好吃 房間 內 氛圍 棒 推
0.0,大 草皮 大 窗子 狗狗 開心 環境 設備 好 民宿 主人 應對 好 一切 完美
0.0,社頂 公園 風吹沙 台灣 南點 龍坑 生態 保護區 熱門 景點
0.0,在 花蓮縣 光復鄉 找 到 住宿 地方 這 間 將就
0.0,有 交通 接送 玩 滿 身 髒 超過 退房 時間 洗 澡 離開
0.0,老闆 親切 滿滿 台灣 人情味 房間 乾淨 舒適 來 台東 住
0.0,食物 以 越南 料理 為主 加 些許 美式(A) 作風
0.0,老闆 態度 親切 房間 乾淨 隔音(A) 差 位子 偏遠 建議 至 都蘭 用餐
0.0,老闆娘 熱心 幫助 我們 解決 機車 出租 問題 在 市區 取 車 方便 推薦
0.0,服務 好 早餐 選擇 房間 棒
0.0,在 網 上 訂 房 注意 包含 行李 接送 服務 收費 服務 態度
0.0,景觀 美 房間 舒適 乾淨 隔音(A) 效果 不錯 主人 親切 值得 推薦 一 家 民宿
0.0,四 人 房 空間 大 有 陽台 看 到 海  隔音(A) 效果 佳 老闆娘 熱心 地理 位子 讚
1.0,老闆娘 人 好 溝通 加床 收 早餐 毛巾 費用 住 附近 有事 請求 快 到
0.0,老闆娘 熱情 招待 我們 下午茶 推薦 我們 很多 景點 房間 舒服
0.0,住 觀星房 玻璃 髒污 看 到 星星 浴廁 跟 房間 分開 方便
0.0,早餐 中式(A) 稀飯 菜脯 蛋 菜脯 自己 做
1.0,冷氣 西曬 進來 冷 1 小時 之後 冷 房間 3 張 雙人床 價格 便宜 cp 值 高
1.0,夜景 漂亮 看 到 85 大樓 房價 貴 CP值 高
0.0,交通 方便 歐式(A) 風格 民宿
0.0,第一 次 帶 小孩 入住 擔心 戲水池 總統房 房型 讓 小孩 玩 不亦樂乎 適合 親子 入住
1.0,裝潢 設備 具 歷史 浴室 乾淨 應有盡有 乾 濕 分離 蒸氣室 價錢 合理 備品 齊備
1.0,服務 好 設施 令 人 驚艷 價 三五 好友 唱 KTV 花 少 錢 唱 爽
1.0,眠 推薦 大家 住宿 外加 提 一下 老闆 說 住宿 打卡 售價 9 折 優惠
0.0,房間 大 美 旁邊 夜市 商圈 火車站 夜景 不錯 隔音(A) 好
0.0,風景 佳 環境 乾淨 整潔 適合 朋友 聚會 烤 肉 民宿 管家人 貼心 專業
0.0,小木屋 美 翻 環境 清幽 整體 空間 舒服 適合 家人 朋友 出遊 玩 感覺 超棒
1.0,管家 大哥 熱情 接待 民宿 整體 棒 cp值 高 之後 想 帶 家人 住宿
0.0,房間 乾淨 宵夜 有 玉米 瘦肉粥 早餐 多樣 有 提供 午餐
1.0,房價 房型 cp值 高 離 花園 夜市 近 想 外出 晚上 有 宵夜 棒 住宿 體驗
0.0,其他 評價 提到 樓梯口 沒有 門 對於 帶 小小孩 家庭 危險 家長 小心 注意
0.0,地點 位於 一中 商圈 裡 逛街 方便 浴室 有 乾 濕 分離 床 舒服
0.0,安靜 交通 方便 房間 大 簡單 無 冰箱 飲水 設施 有 兩 瓶 水
0.0,環境 優 民宿 工作 人員 親切 服務 好 有 機會 住
0.0,彩繪 有 創意 花園 庭院 美 夕陽 美 房間 寬敞 舒適 服務 親切
0.0,值得 推薦 飯店 會議 渡假 活動 場地 環境 寬敞 人員 親切 適合 辦理 會議 渡假 活動
0.0,東西 老舊 浴室 地板 髒 枕頭 有 異味 按摩 浴缸 洗手台 髒黃 有 空調聲 大 沒辦法 睡
0.0,感謝 將 我們 遺忘 物品 寄回 家 服務 到位 景色 美 房間 乾淨 讚
0.0,棒 環境 民宿 主人 貼心 附近 鄰居 狗狗 親人 晚上 幫忙 顧 車
0.0,民宿 有 家 感覺 主題房 讓 小朋友 喜歡 早餐 豐盛
0.0,感覺 溫馨 住宿 像 回家 一樣 周邊 環境 寧靜 優美 老闆 陳 先生 老闆娘 親切
0.0,停車 方便 房間 乾淨 寬敞 舒適 從 陽台 眺望到 遠方 山 民宿 主人 一 家 熱心 親切
0.0,車庫 加 戲水池 房間 在 二樓 2樓 房門 鎖 怕 小孩 開門 直接 摔下 樓梯
1.0,餐台 早餐 麥當勞 棒 量 少 吃 飽 xd  整體 說 CP值 普通 偏上 一點點
1.0,房間 大 有 日式(A) 風格 榻榻米 大 浴缸 泳池 服務 人員 客氣 親切 cp值 高
1.0,房間 乾淨 燈光 明亮 停車 方便 附 早餐 少見 打電話 訂房 價錢 比 訂房 網站 便宜
0.0,櫃台 人員 態度 惡劣 沒有 停車位 網路 連 到 房門 鎖 洗澡 沒 熱水
0.0,餐廳 位子 有限 站 等 一陣子 有 座位 有 炒 青菜 不錯 吃
1.0,童話 般 民宿 親切 服務 店家 提供 歐洲 中古(A) 世紀 服飾 供 住宿 客人 免費 拍照 留念
0.0,橙堡 美美 有 水果 早餐 自助 多樣 中式(A) 西式餐 少 樣 蚊子 房間 好幾 隻 美中不足
0.0,地瓜籤 粥 好吃 白天 使用 1樓 客廳 玩 桌遊 小朋友 玩 電動車 玩瘋 離 親水 公園 近
0.0,新 民宿 戶外 風景 親子房 溜滑梯 小孩子 玩 到 想 睡
0.0,環境 美 房間 乾淨 設施 完善 老闆 老闆娘 人 棒 值得 來 一 次
0.0,棒 民宿 環境 優美 老闆 老闆娘 親切 早餐 好吃 值得 推薦 民宿
0.0,棒 好 早餐 澎湖 有名 早餐 房間 乾淨 冷氣 強 床 舒服
0.0,老闆娘 親切 服務 周到 民宿 有 五星級 飯店 住宿 品質
1.0,交通 方便 附餐 跟 飲料 咖啡 好喝 住宿 cp 值 高 在 鬧區 隔音(A) 寧靜
0.0,位置 方便性 高 離 國華街 近 附近 有 碳烤 鱔魚麵 河樂 廣場 疫情 提供 早餐 棒
0.0,旅店 位於 市中心 離 很多 景點 小吃 方便 房間 整體 不錯 窗戶 大 視野 好
0.0,地點 交通 便利 房間 大 整理 乾乾淨淨 舒適
0.0,我 用 訂房 網站 訂 你們 家 入住 當天 到 現場 知道 倒閉 把 錢 退還給 我
0.0,床 軟 聽 見 走廊 音樂 浴室 排水 差
0.0,飄 細雨 天氣 參觀 園區 小 美 裡面 餐廳 長廊 有 不錯 景觀 有 時間 看看
0.0,餐廳 下午茶 餐點 糟 蜂蜜 水果 鬆餅 芭樂 楊桃 餐具 早餐店 竹叉
1.0,有 景 賞 住宿 有 營養 豐富 菜色 蔬食 自助餐 吃 門票 價格 適中
0.0,老闆 親切 景觀 美 早餐 好吃 房間 舒適 乾淨 值得 推薦
0.0,地理 位置 好 距離 公車站 兩 分鐘 陽台 上 海景 九份 夜景 盡收眼底
0.0,唱 KTV 打麻將 玩 桌遊 適合 好友 聚 在一起 聊天 住宿 景色 美
0.0,哈瑪星 特色 民宿 思旅  有 特色 旅程 參加
0.0,求婚 聖地 老闆 闆娘 超級(A) nice 狗狗 哈士奇 可愛 場地 舒服 餐點 好吃 飲品 多樣
1.0,老闆 人 好 房間 乾淨 貓咪 親人 可愛 cp值 高
0.0,客服 速度 快 貼心 有 加贈 中秋 小 禮物 可惜 地方 房間 內 有 很多 螞蟻 隔音(A) 差
0.0,懷念 火鍋店 樓下 雞排攤 冰冷 機器人 飯店 如同 逢甲 人潮 冷卻
0.0,商務 單人 套房 有 一 雙人 大 床 室 內 空間 小 有 乾 濕 分離 廁所
0.0,緊鄰 金門 雙鯉湖 畔 環境 清幽 民宿 古色古香 適合 放鬆 慢活 渡假 好 去處
0.0,洋式(A) 外表 內部 傳統 閩南 建築 有 感覺 房間 廁所 感覺 民宿 主人 親切 推薦
0.0,古色古香 風景 漂亮 客房 舒適 浴室 水 小 用 太陽能 熱水器
0.0,古色古香 老闆 親切 有 隻 可愛 狗狗
0.0,溫馨 環境 古樸 造景 咖啡 芳香 休息 好 去處
1.0,優 親子 民宿 房間 有 溜滑梯 積木 玩具 二館 有 免費 汽車 沙坑 水池
0.0,冷氣室 內 機會 滴水 隔天 早上 小孩 起床 溜下床 濕答答
0.0,民宿 裡 看到 老闆 細心 客廳 有 醫藥箱 茶包 餅乾 供 房客 使用 棒
0.0,房間 大 乾淨 戶外 清幽 蓮花 荷花池 美 小 木屋 床墊 硬 其他 不錯
0.0,爛 早餐 沒 咖啡 算 喝 沒有 車 停 在 離 房間 地方
0.0,烤肉區 小 蚊子 太多 後面 木屋區 房間 有 霉味
0.0,態度 佳 服務 好 環境 優 房間 美 舒適 窗 邊 小 床 尬 以
0.0,環境 好 狗狗 愛 撒嬌 乖 外面 道路 有 螢火蟲 看 放鬆 心情 好 地方
1.0,房間 有 特色 乾淨 幫 毛小孩 準備 西莎 當 早餐 費用 實惠 優質(A) 寵物 友善 民宿
0.0,店 有 超級(A) 暖男 偷 肉 淘氣 貝果 您 家 毛小孩 不二(A) 選擇 優質(A) 旅店
0.0,老闆 親切 名宿 主人 狗狗 跟 我 家 同 名 房間 乾淨 舒服
1.0,老闆娘 親切 熱情 房間 平價 乾淨 有 窗 外 無敵 大 景觀
0.0,隔音(A) 效果 差 景觀台 蚊子 多 附近 沒有 便利商店
0.0,莊主 和藹可親 熱忱 獨家(A) 三龜 戲水 最佳(A) 景點
1.0,老闆 老闆娘 客氣 房間 設備 棒 住宿 體驗 CP值 高
0.0,附 基本(A) 一次性 毛巾 牙刷 有 吹風機 沒 冰箱 公共區 有 飲水機
1.0,價格 平易近人 鄰近 市區 商圈 環境 簡樸 乾淨 有 預算 考量 背包客 民宿 好 選擇
0.0,老闆 親切 狗狗 可愛 房間 大 舒適 早餐 好吃 咖啡 好喝 床 好 睡
0.0,早餐 除了 那 個 盤子 餐具 老闆娘 自己 做 手作 烘焙 麵包 田園 水果 讚
0.0,鄉下 蚊蟲 多 主人 注意 這 點 房間 乾淨 舒適 衛浴 乾 濕 分離 有 免治(A) 馬桶 備品 齊全
0.0,環境 優美 在 巷弄 裡 清淨 旅行 休息 好 地方
0.0,環境 棒 自然 凱特 真 性情 讓 人 自在 輕鬆 單車族 好聚所
1.0,便宜 乾淨 舒適 住宿 經驗 經營 者 熱情 歡迎 我們 推薦 在地(A) 美食 清單 感謝
0.0,海景 第一 排 四 人 房 寵物 友善 房間 浴室 風景 超棒 早上 直接 在 陽台 看 日出
0.0,小 花園 讚 房間 大 冷氣 涼 熱水 夠 浴缸 早餐 好吃
0.0,環境 舒適 空間 寬敞 帶 狗狗 入住 老闆 親切 值得 推薦
1.0,全新 裝修 飯店 忙 時 老闆 泡 咖啡 請 你 喝 房價 便宜 房間 舒適 值 高
0.0,地點 佳 電梯 小 舊 飯店 整修 裝潢 新 有的 房型 窗 外 天井 透光 用 服務 親切
0.0,房間 算 乾淨 老闆 人 親切 跟 你 介紹 台南 在地(A) 美食 景點
0.0,環境 棒 房間 乾凈 重點 海鮮 蒸 塔 食材 新鮮 味道 好
0.0,阿里山 下 民宿 空間 寬敞 有 獨立 兒童 遊戲室 放鬆 帶 小孩 累
0.0,水壓 不足 熱水 熱 大 缺點 早餐 青菜 炒麵 油膩 吃飽
0.0,這 整修 地方 房間 四 人 房 三 張 床 2 單人床 1 雙人床
0.0,有 可愛 動物區 飼養 孔雀 兔子 雞 鴨 鵝 鴕鳥 看到 餵食 牧草
0.0,環境 舒適 寬敞 隔音(A) 欠佳 早餐 空間 品質 改善
0.0,民宿 地點 好 出來 老街口 房間 有 很多 風格
1.0,早餐 有 簡單 三明治 幾 片 水果 收費 100 元 小貴 建議 住宿 加價購
0.0,面海房 風景 超級(A) 無敵 美 民宿 位置 好找 有別於 其他 九份 民宿 讓 您 找到 想 哭
0.0,主人 親切 早餐 特別 房間 乾淨 主人 給 你 旅行 旅程 建議
0.0,客氣 親切 民宿 主人 4 人 房 房間 空間 舒適 棒 一 次 住宿 經驗
0.0,地 上 衛浴 毛巾 乾淨 溫暖 有 一 種 客家人 小時 後 聞到 太陽 味道
0.0,安靜 乾淨 民宿 備有 廚房 冰箱 飲用水 附近 停車 方便 綠意盎然 舒服
0.0,走 一 段 路 抵達 第三 市場 吃 早餐 飯糰 黑狗兄 燒餅 推薦
0.0,被 5 歲 小 小 店員 吸引進去 買 茶 可愛
0.0,飯店 設施 齊全 裝潢 雅緻 房間 空間 大 設備 舒適 早餐 品質 佳 台灣 棒 住宿 體驗 一
0.0,五星級 商旅 酒店 高級 服務 享受 有 餐廳 三溫暖 游泳池 不錯 選擇 地方
1.0,浴缸 小 以 這 房價 說 中北部 飯店 房間 優質(A) 房 內 贈送 飲料 小點 算 在 房價
0.0,環境 優美 房間 風景 美 小 地方 見 民宿 用心 上 自 老闆 下 自 員工 熱心
0.0,林 小姐 人 親切 介紹 棒 地方 美 令 人 放鬆 好 去處
0.0,第二 房間 裡面 沒有 冰箱 住宿 喝 東西 沒辦法 冰
0.0,一等一(A) 浴室 配備 房間 寬敞 設備 齊全 有 沙發 浴缸 爽 冰箱 冰 有 冰水 細節
1.0,CP值 高 台南市 第二 名 優質(A) 飯店 早餐 種類 多 服務 親切 下 次 有 機會 入住
0.0,清潔 部分 浴缸 有 頭髮 有 些 地方 有 灰塵 如 照片 中 衛生紙盒
0.0,包廂 服務 用餐 經驗 愉快 餐點 好吃 牛排 讚 甜點 冰淇淋 好吃 推薦 值得 回訪
0.0,台灣版 六星 飯店 服務 房間 一流 Buffet 食材 美味 有 品質
0.0,服務 房間 品質 屬 上乘 餐點 不錯 吃 接待 人員 熱情 親切
0.0,細心 準備 早餐 跟 水果 值得 大 推薦
0.0,老闆 親切 用心 建議 好玩 景點 下 次 去 澎湖 拜訪
0.0,距離 捷運站 夜市 近 情侶 親子 個人 旅行 優質(A) 首選
1.0,CP值 棒 飲料 水果 小 熟食 吃 到 飽 下 次 來 高雄 入住
1.0,價廉 親和 老闆 有 住宿 設備 使用 教學 影片
0.0,酒店 建築 外觀 有 特色 服務 人員 親切 有禮 高 樓層 房間 視野 不錯 春 大直 商場 小 美
0.0,大直 新 去處 食物 好吃 臘腸 筆管麵 漢堡 牛排 好吃 戶外 座位 天氣 好 舒服
0.0,高檔(A) 飯店 餐廳 豬肋排 大 好吃 肉質 軟 爛 醬料 入味 超棒
0.0,四 人 房 驚艷 浴缸 床 好 睡 陽台 看到 部分 海景 一 分鐘 到 海邊 讚
0.0,房間 乾淨 服務 人員 親切 入住 這 飯店 一 個 棒 旅行 體驗
0.0,安靜 舒適 乾淨 服務 親切 盥洗 用品 有 質感 冰箱 有 飲料
0.0,海灘 踏 浪 完 岸 邊 公共(A) 區域 有 沖洗區 行動 不便 者 沒 扶手 有無 障礙 廁所
0.0,民宿 感覺 溫馨 舒適 床墊 柔軟 孩子 們 喜歡
0.0,沒有 專屬 停車場 出去 全家 方便
0.0,服務 人員 詳實 介紹 在地 鹿港 特色 環境 景觀 優雅 適合 假日 優遊 自在 好 地方
0.0,服務 親切 房間 乾淨 舒服 有 24H 供應 早餐 點心 棒 旅店
0.0,空間 不錯 舒服 公共區 有 餅乾 茶包 吐司 果醬
0.0,服務 親切 房間 乾淨 整潔 房間 廁所 尿騷味 煙味 置身 於 公廁 中 建議 改善
1.0,離 火車站 近 夜市 不遠 設備 尚可 價錢 9OO 元 附 早餐 值得 推薦
1.0,單人 經濟房 900 一 晚 划算 以 這 個 價位 房間 差 有 有 隔音(A) 效果 好
0.0,房間 乾淨 服務 好 二樓 交誼廳 設計 棒 洗衣 有 供應 飲料 泡麵
1.0,地點 優 離 捷運站 近 交通 方便 周邊 餐館 多 旅館 物美價廉 服務 親切
0.0,二樓 公共(A) 空間 座位 充足 有 洗衣機 公用(A) 電腦 咖啡機 飲水機 設備 方便
0.0,早餐 麵包 老闆 自己 做 好吃 配料 使用 在地(A) 食材 b&b 藏書 種類 很多 讚
0.0,晚餐 早餐 漂亮 好吃 客家人 果醬 零嘴 好吃 好 地方 好 空間 生態 多元
0.0,在 環島 旅程 中 來到 這 像 回到 家 自在 環境 主人 款待 像 自己 家人 值得
0.0,棒 美式(A) 鄉村風 別墅 布置 細緻 設備 齊全 大人 小孩 住 開心
0.0,西式(A) 房間 乾淨 典雅 中島式(A) 廚房 鍋具 餐具 齊全 自己 下廚 方便
0.0,離 小人國 六福村 石門 水庫 知名 景點 近 週邊 有 多 座 高爾夫球場 多 樣 美食 餐廳
0.0,9 人 背包 床位 房 內 衛浴 乾淨 客廳 擺設 美觀 整齊 感受 到 老闆 用心
1.0,貴 乾淨 一 家 旅館 有 茶 一些 鍋 碗 瓢 盆 用 有 自製 彰化 美食 卡片 參考
0.0,1025 櫃臺 小姐 服務 態度 友善 細心 介紹 館 內 設施
0.0,特別 木造(A) 建築 溫馨 房間 設施 熱情 布農 文化 值得
0.0,全 世界 自由 舒服 美 布農族 原住民 風格 特色 民宿
0.0,老闆 人 超 好 幽默 晚餐 恐怖 豐盛 好吃
1.0,優 地點 捷運站 出來 到 房間 設備 乾淨 推薦 樓下 火鍋 餐廳 疫情 期間 房價 便宜
0.0,離 西門町 峨眉 停車場 近 有 特色 飯店 裡面 工業風 早餐 火鍋 特別
0.0,晚餐 套餐 5 菜 1 湯 料好 實在 東西 好吃 附 甜點 仙草 水果 西瓜 好極了 下 次
0.0,房間 優雅 環境 舒適 地下 一樓 桌遊 飛鏢 機台 好玩 推薦 家族 旅行
1.0,餐廳 合菜 一 桌 2500 要求 蔬菜 多 肉 少 喜歡 吃 紅燒 豆腐 每 個 月 吃 一 次
0.0,老闆 熱情 介紹 好多 景點 美食 飯店 環境 棒 房間 風格 喜歡
0.0,距 花蓮 車站 近 住宿 空間 乾淨 整潔 大廳 有 原住民 藝術家 作品
0.0,旅店 員工 提供 棒 花蓮 市區 旅遊 資訊 旅遊 地圖 推薦 景點 餐廳
1.0,價錢 合理 房間 乾淨 舒適 噓寒問暖 老闆 親切 招呼 機車 新 讚
0.0,服務 人員 態度 差 解說 超(A) 不耐煩 樣子 委任 該 店
0.0,環境 好 乾淨 業者 用心 一 間 讓 人 懷念 讓 人 想 在 住宿 好 旅店
0.0,老闆 超 好 小孩 玩 開心 大人 唱 開心 房間 乾淨 整齊
0.0,考慮 二 日 輕鬆 遊 晚上 麻辣鍋 圍爐 傳統 中式(A) 早餐 太平山 中繼站
0.0,老闆 人 不錯 環境 棒
0.0,放空 好 所在 老闆 老闆娘 親切 櫻花季 美 露營區 草皮 適合 親子 狗狗 運動
0.0,住宿 房間 尚可 有 超大(A) 庭院 環境 清幽 老闆人 親切 附贈 早餐 陽春
0.0,餐廳 點 泡菜 火鍋 量 多 個人 覺得 湯頭 淡 喜歡 風景 不錯
0.0,風景 棒 看 夜景 空間 大 房間 大 老闆 熱情 介紹 景點
0.0,視野 棒 環境 老闆 nice 熱誠 有 冰箱 廚具 烤 肉 煮食
0.0,竹山 附近 小 山陵 園區 寬敞 園區 內 栽植 許多 和式(A) 樹木 造景 喜歡 房間 乾淨 舒適
0.0,景觀 好 房間 乾淨 早餐 好
0.0,環境 清幽 服務 親切 停車 便利
0.0,房間 外 看到 美景 三樓 開放 座位區 景觀
0.0,民宿 人員 詳細 介紹 老街 地圖 推薦 店家 貼心
1.0,風景 漂亮 180 塊 咖啡 拿鐵 感覺 像 在 喝 熱水
0.0,房間 乾淨 櫃檯 人員 親切 離 夜市 跟 捷運站 算 近 位置 便利
0.0,距離 夜市 房間 環境 簡單 明亮 適合 一般(A) 旅客 郊遊 旅行 休息 住所
1.0,附設 隔壁 14樓 阿樂哈 海景 餐廳 桌菜 CP 值 不錯 海鮮 新鮮 好吃
0.0,爛 設計 服務 房間 爛 比 背包客 旅館 爛
0.0,用餐 環境 不錯 設計 規劃 有 法國 特色 接近 大自然 適合 小孩 遊樂 看 到 用心 處
0.0,美麗 莊園 環境 清幽 餐點 可口 新鮮 民宿 舒適 衛生 服務 親切 週到 棒 地方
0.0,風景 美 有 很多 老闆娘 手作 木頭 椅子 場地 漂亮 適合 辦 婚宴 老闆娘 親切
0.0,地點 方便 石朗 浮潛 在 民宿 旁邊 教練 老闆娘 好
0.0,結論 住宿 3 星 潛水 安排 部分 3 星 洗曬 裝備 場地 5 星 導潛 5 星
0.0,房間 棒 地點 好找 停車 方便 房東 親切 好 溝通 推薦 棒 棒棒
0.0,地點 好找 交通 方便 民宿 環境 乾淨 清悠 空氣 清新 民宿 有 電梯 省力
0.0,老闆娘 熱心 親切 去 烏石港 走路 到 旁邊 打卡 景點 山 望 海
0.0,適合 親子 好 旅館 早餐 豐盛 地點 方便 可惜 房間 隔音(A) 差 冷氣 有 吹頭 問題
0.0,整 間 旅店 以 賽車 為 主題 一般(A) 設施 齊全 酒店 座落 大型(A) 商場 附近 附近 有 遊樂 設施
0.0,早餐 菜色 普通 有 提供 小孩 用餐區 有 DIY 鬆餅 有 特色
0.0,棒 停車 方便 有 電梯 房間 乾淨 櫃台 人員 服務 好
0.0,貼心 服務 溫暖 我們 用心 民宿 環境 乾淨 舒服 有 機會 去 _^
0.0,住 親子房 小朋友 喜歡 離 全聯 跟 各 式 餐廳 走路 到 便利
1.0,房間 舒適 衛浴 設備 新 有 健身房 交誼廳 交誼廳 內 飲料 餅乾 免費 棒
1.0,便宜 住宿 地點 Cp值 高 有 浴缸 床 好 睡 有 免費 小 餅乾 飲品 可惜 電視 大
0.0,房間 乾淨 交通 便利 有 洗衣 服務 早餐 走到 麥當勞 用餐 帶 小孩 方便
0.0,歐洲 城堡 花園 區 客房 棒 值得
0.0,住 浴室 大 飯店 驚奇 五 顆 星 大 推薦 超大(A) 泡湯池 超大(A) 浴室
1.0,清境 農場 上 難得 性價比 高 歐洲 風格 住宿
0.0,浴室 設計 ok 有 煙味 顧客 在 房 內 抽 散發掉
0.0,晚上 入住 時 房間 有 怪 聲音 處理 態度 不佳 店 經理 處理 事情 能力 差
0.0,浴缸 店家 標 浴缸 淋浴 說 系統 問題 系統 怎了
0.0,棒 渡假 會館 房間 乾淨 優雅 戶外 有 溫泉 泡湯 中西式(A) 早餐 適合 大人 小孩 住宿
0.0,主人 接待 熱情 房間 清潔 早餐 可口 貓咪 可愛 怕生 小孩 嚕 貓 到 想 睡
0.0,整體 環境 清幽 適合 遠離 塵囂 享受 寧靜 溫馨 詢問 早餐 樣式 5 顆 星 沒 意外
0.0,民宿 主人 友善 親切 房間 乾淨 舒適 大 推
0.0,房間 看到 海 馬哥 熱情 民宿 風格 簡約 很多 ikea 東西
0.0,老闆娘 說 問 借 嬰兒 小推車 我們 帶 帶 小孩 吃 烤 肉 必備(A)
0.0,乾淨 舒適 闆娘 小 幫手 熱情 推薦 在地(A) 景點 美食 招待 水果 甜 好 好吃 完食
0.0,老闆娘 親切 贈予 水果 點心 房間 舒適 整潔 小孩 喜歡
1.0,交通 方便 地點 好 近 火車站 近 7-11 房間 大 床 舒適 價格 便宜
0.0,屋主 經營 水果 批發 夫妻 和氣 四 人 房 浴缸 大
0.0,中班 櫃檯 人員 服務 態度 差 到 爆
0.0,開門 超 濃 煙味 浴室 有 個 怪 味 房間 乾淨
0.0,早餐 有 三明治 送 早餐 時間 指定 早上 8點 送到 誰 吃 三明治
0.0,服務 人員 親切 房間 簡單 乾淨 廁所 乾 濕 分離 有 免治 馬桶
0.0,5. 附 早餐 自助餐 主要(A) 中餐 西餐 看到 吐司 提供 果醬
1.0,推 沒有 兩千 元 左右 cp值
0.0,港式 飲茶 餐廳 口味 棒 環境 乾淨 機車 汽車 有 停車位 位於 高鐵 附近 適合 宴客
0.0,場地 氣派 丁香魚 酥脆 服務 親切 蠟味 蘿蔔糕 份量 多 一些 好 牛肉粥 好吃
0.0,交通 方便 地下室 停車場 良好 菜色 好 空間 設計好 說 一流 飯店
0.0,地點 佳 離 逢甲 夜市 近 老闆娘 親切 服務 房間 大 舒適 浴室 乾淨
1.0,房間 大 乾淨 價格 公道 老闆娘 親切 逢甲 推 民宿 推
