hotelID,hotelName
0,逢甲
1,二毛作民宿
2,松之戀 The Pines
3,迪化街棧 Di Hua Jie Stay
4,白河蓮之家
5,小琉球好萊屋民宿
6,椰子海岸
7,Ｑ居微生活海景民宿
8,碧雲天汽車旅館迴龍館
9,吉美民宿-金城鎮民宿
10,新格旅館
11,站前小保民宿(原我行我宿)
12,花蓮瑞穗新鶴度假村
13,毓琇圖書山莊
14,昇財麗禧酒店
15,三隻老虎旅店 Triple Tiger Inn
16,橘園民宿
17,屏東發現號特色民宿
18,伊笛幔休閒民宿 (電梯 車位需預約)
19,浪花旅店
20,Mimiyo秘密遊民宿
21,台南艾莎公寓旅宿
22,A Life 好.生活整合國際旅宿
23,北投麗之湯溫泉會館
24,池畔綠波YES民宿
25,青禾溫泉家
26,漂鳥之棲民宿
27,菊子民宿 Gama Inn
28,馬克村莊
29,Sing Tsao Yu Chong
30,天邊海角民宿
31,秋水閣溫泉民宿
32,綠島旅人礁
33,mumu inn沐睦民宿
34,美好東河咖啡民宿
35,台糖池上牧野渡假村
36,花蓮 綠Inn民宿
37,飛鳳園農場/烤肉/民宿/露營區
38,格瀾伍德休閒民宿
39,貝多芬快捷旅店 BEETHOVEN EXPRESS HOTEL
40,美濃雲山居民宿
41,台東池上福吉園民宿
42,門草行旅The Door Inn
43,天長地久民宿
44,大漁日和 Taiori
45,馥嘉商務旅館
46,藍海星辰
47,舒漫活海景旅宿
48,EG Hostel
49,齊亞風情民宿
50,億載溫馨曉屋
51,望安民宿•友全宅
52,麗尊酒店 The Lees Hotel
53,嵐翎白砂渡假莊園 SKYEBAY CLUB
54,Dive Buddy 自由潛水工作室&背包客棧
55,台南汽車旅館:富士都商務汽車會館
56,達龍商旅
57,TaidongHanYuan
58,金戰民宿
59,墾丁貝殼小棧民宿
60,育薦關山民宿
61,嘎嘎Home民宿
62,三仙台比西里岸營地/渡假小木屋
63,華星旅社
64,小雨蛙有機生態農場
65,愛屋閣 Love House
66,澎澎屋渡假民宿
67,優勝美地汽車旅館
68,綠園地金典民宿
69,國境之北民宿
70,金山美人山民宿 Beauty Mountain Homestay(B&B)
71,碧港良居-The Harbour
72,逸仙溫泉旅店
73,頭城農場
74,山外山民宿
75,愛丁堡精品旅店
76,一間老屋攝影棚
77,墾丁皇佳旅店
78,G9 Stay
79,舒美行旅
80,IN99精品旅館
81,艾哇民宿
82,中國城茶藝民宿
83,家家嵐玥民宿（僅此一家 別無分店）
84,峰林山莊
85,意芙旅店
86,薇米文旅
87,南庄 麥克尼景觀莊園magnni villa《親子旅遊．寵物友善．兒童沙坑．遊樂區．寵物戲水池·千坪草地·苗栗民宿》
88,上陞商務大飯店
89,候鳥民宿
90,雨後的彩虹包棟民宿
91,CHECK inn 雀客旅館台中自由
92,花蓮瀧愛來民宿
93,金肯民宿
94,台北富信大飯店二館
95,東門旅店
96,馬悠驛館
97,六本木MOTEL(大連館)
98,浮雲遊咫
99,畫公寓
100,澄清湖水漾會館
101,歐遊國際連鎖精品旅館-花蓮館
102,榮宮大飯店
103,江澤休閒民宿
104,碧山廬禪的民宿
105,樂趣渡假民宿
106,H.m. ホテル
107,福容大飯店 桃園機場捷運A8店
108,雙星大飯店
109,古堡民宿 - 可包棟/可麻將/代售四草綠色隧道.十鼓門票
110,山玥新館
111,小迷鹿 • 艾米會館 Emilia Villa
112,觀景山莊
113,享自在生態園區
114,星晟棧渡假飯店
115,李家莊
116,Queen's Hotel
117,真王子大旅社
118,櫻宿溫泉會館
119,堤邊驛站
120,波士頓港飯店
121,南庄星宿庭園咖啡民宿
122,花蓮鳳林 鳳凰花園別墅
123,皇賓背包客青年旅館
124,宜舍單人旅店 (Ease Single Inn)
125,ENISHI RESORT VILLA緣民宿
126,松竹梅休閒渡假民宿
127,桃李河畔
128,華南商旅
129,亞馨民宿(Yes Home B&B)
130,台南宿曦 Suxi House
131,Chang Hong Homestay
132,常客商務旅館
133,池畔驛站
134,筑高亦朗(民宿)
135,Tao Garden Hotel 桃花園飯店
136,凡登東棧商務旅店 Vendome East Inn
137,Lisinty Resort
138,東石漁人碼頭愛琴海藝宿文旅
139,好彩頭汽車旅館
140,鼎川大飯店
141,蘭嶼 古魯民宿
142,金城好來屋-優質住宿
143,Green Island Xiangding B&B
144,法札納鄉村民宿
145,蛋行道旅宿
146,建國大旅社
147,桃園 191 hotel 商務旅店
148,晴風居民宿
149,承億文旅 - 淡水吹風
150,嘉義行藝文旅
151,遇見奇蹟鄉村民宿-宜蘭伯朗大道 冬山河附近民宿 宜蘭民宿推薦 鄉村風民宿 童玩節 特色住宿比價
152,月橘 Villa
153,東港海灣精品民宿
154,頭社民宿
155,Spa密碼商旅
156,台北大安會館(長租)
157,羅東小築親子民宿/宜蘭親子民宿/宜蘭包棟民宿/羅東親子民宿/冬山親子民宿/宜蘭溜滑梯民宿/宜蘭親子民宿推薦
158,華大商旅
159,欣欣時尚旅店 Shinshin Hotel
160,最愛商旅
161,東籬房民宿
162,宜蘭礁溪東方水漾民宿-明漾館
163,台南老爺行旅 The Place Tainan
164,布袋文創HOTEL
165,360咖啡宿
166,The Loft_沐舍溫泉渡假酒店
167,晨露庄民宿
168,享玩民宿
169,水藝芳homey民宿
170,七星日出民宿
171,荷本-Pier2
172,澎湖向日葵民宿
173,Tang Villa
174,帝王大飯店
175,BlueSky Homestay
176,good garden hostel 谷園客棧
177,朗．克徠爵的風車教堂民宿
178,皇家玫瑰旅館－站前館（原玫瑰精品旅館）
179,Taroko Delight Villa
180,九叔公民宿
181,行鹿青旅 背包客棧 Deer Traveler Hostel
182,橙屋商務旅館
183,嚮往時尚旅店民宿
184,Gerar
185,盛薈飯店
186,富喜民宿二館
187,橙舍咖啡 TW COFFEE
188,伊恬民宿
189,老五民宿 OldFive B&B
190,拉拉山和風山莊/拉拉山民宿/桃園民宿/桃園住宿/拉拉山住宿/拉拉山水蜜桃/拉拉山旅遊住宿
191,天祥棧 Tianxiang Zan Apartment
192,醉愛清境浪漫會館
193,優勝美地音樂民宿
194,出門獺踏民宿 Otter footprints B&B-推薦平價唱歌烤肉包棟民宿住宿(金門)行程規劃安排旅遊諮詢服務民宿 合法特色民宿 代辦汽機車出租機場接送 附麻將廚房
195,Moshamanla Hotel摩莎曼拉精品旅館-台北車站館
196,礁溪寒沐行館
197,和和窩 台南民宿
198,墾丁禾田農場
199,金門夢享家民宿/金門民宿/金門包棟/金門旅遊/金門住宿/金門民宿推薦/金門訂房
200,22號旅店
201,探索汽車旅館-永和館
202,途中 台北 國際青年旅舍
203,幼獅大飯店
204,良友商務飯店
205,小淋竹灣故鄉民宿-2021花火節團體包棟民宿住宿(澎湖) 花火節客製化套裝行程推薦 附麻將廚房 400坪大草地 包棟烤肉民宿住宿 花火節行程日期時間
206,168motel 桃園館
207,康橋慢旅
208,朗居文旅 Hotel Lounge
209,亞締旅店
210,鳥語花香民宿
211,Sunshine Hotel
212,菊島風晴民宿
213,可青大飯店
214,台東緣羊軒渡假民宿
215,雲南十八怪景觀餐廳民宿
216,綠野鄉居民宿
217,小地方背包客民宿 PLACE Backpackers
218,愛丁堡汽車旅館
219,薇風情汽車旅館
220,綠島島川文旅
221,華宮旅舘
222,Jinshan Bay Spring Resort
223,街角十二民宿
224,新驛旅店台中車站店
225,黃家溫泉民宿/瑞穗溫泉
226,愛丁堡十六民宿
227,香富大飯店
228,名館大客棧
229,歐拉民宿/親子包棟大空間/溜滑梯
230,浮雲杉林
231,宜蘭民宿 貴妃宅
232,驛墅家水岸行館
233,墾丁尋夢園
234,覓海民宿
235,邦娜比堤咖啡館 ｜全預約制｜10/25全日已滿位
236,夜海民宿
237,OC Hostel 歐嬉客棧
238,金門 水頭Fun假趣民宿
239,高脚屋 missy house
240,白色宮殿 - White Palace B&B
241,鶴宮寓 ho̍k house
242,水頭古洋樓花磚民宿 前水頭4號 水頭聚落
243,九份A-HOME民宿
244,EastMini House
245,百合山莊 -推薦南庄景觀渡假民宿(苗栗南庄)平價特色景觀包棟民宿 合法親子設施住宿 行程規劃旅遊諮詢套裝
246,璞居民宿
247,東港景地民宿
248,珮其佳會館
249,旗山三合院民宿
250,胖咪民宿
251,番薯藤民宿
252,遊大俠x七桃公寓Master Chitow Hostel
253,麗堤民宿
254,晶夜汽車旅館
255,鳥窩•花蓮青年旅舍•Hualien Bird's House Hostel•花蓮背包客棧
256,永悅商務大飯店
257,西港歇腳居
258,台北松山意舍酒店
259,知本溫泉-雷姐的家 -平價住宿 溫泉泡湯 溫泉旅宿 知本溫泉 知本推薦旅宿 室內泡湯 風景區導覽
260,太平洋龜山島之戀
261,生活綠園
262,王子與公主的家
263,承億輕旅嘉義館
264,夜市之家
265,谷靜渡假民宿
266,磚窯民宿
267,中山莉豪商務旅店
268,H& 九份山經
269,仁義潭溫馨民宿
270,小琉球火星人民宿
271,關子嶺大旅社
272,天水蓮大飯店
273,台中日月千禧酒店
274,悠揚小棧
275,嫣朵民宿
276,槿橋民宿
277,台東民宿-寶貝133知本館(寵物友善民宿)
278,盧媽媽民宿
279,百萬夜景-生日快樂莊園民宿
280,花蓮包棟民宿-天空樹
281,建和101民宿
282,尊爵大飯店 Monarch Plaza Hotel
283,三好國際酒店Sun Hao International Hotel
284,逸香園農場
285,新尚旅店 Hotel73
286,金瑪琍民宿
287,gogofun
288,綠島長慶民宿
289,Home Box
290,安德森幸福莊園【瑞穗牧場 瑞穗鮮奶 瑞穗景點 瑞穗美食 親子民宿】
291,小琉球民宿極之宿
292,海豚城堡民宿
293,船帆石海之戀
294,阿里阿里民居
295,紅磚屋特色民宿 Red Brick Villas
296,台南街角351民宿
297,花香林民宿
298,阿伯的店民宿 uncle house
299,克來大飯店
300,日皇民宿
301,福容大飯店 中壢
302,新竹老爺酒店
303,兜台南 兜府 Adore Tainan - Adore Space
304,太客文旅
305,康橋商旅 後驛九如館
306,明軒曉居民宿
307,林園商務汽車旅館
308,天下南隅(天下大飯店)
309,Wei-yat Grand
310,高雄統茂松柏大飯店
311,台北富信大飯店
312,墾丁灣三館(田園館)
313,金門夕陽海民宿 Sunset Sea B&B
314,憨人宅旅店
315,Vanilla Sky
316,武陵農場
317,金樽有晴月海景民宿
318,鴨川旅館
319,慕戀商旅(防疫旅館)
320,H& 台東彩虹莊園度假會館
321,相思埔民宿
322,台北馥敦-復南館
323,O2氧氣旅館
324,豆子一家輕旅 Douzi Hotel -Xpark
325,微笑的家(民宿)
326,06聚點民宿
327,墾丁轉角非凡民宿
328,First Hostel Taipei
329,FA FA HOUSE
330,樹海翠湖民宿
331,Baigo Garden Homestay
332,Suns' Great / 向光旅行 / 向光餐桌
333,幸福盒子民宿
334,台中逢甲民宿夢遊仙境
335,高第商旅 Gaudi Hotel Kaohsiung
336,新貴汽車旅館
337,wendys House溫蒂的家民宿包棟
338,飲山風
339,台中大里—水悅麗緻會館Shuiyue Motel
340,如果海-星海民宿
341,虎山驛站民宿
342,漫步香榭
343,莯菈青旅
344,微楓渡假民宿
345,鐵掌櫃茶舍民宿
346,温莎堡汽車旅館新營館
347,誠豐JOY民宿
348,小琉球嶼景6.8
349,旅城驛鎮 Journey Town Inn
350,富驛商旅高雄中華路館
351,梧棲行旅
352,I DO頂級會館
353,擎海閣民宿
354,雲也山莊
355,一中漫走民宿旅店
356,硯月精品旅館 LaMoon Motel
357,Starriver Hostel
358,集好旅店
359,Jeam Sir Villa
360,Sea Turtle Hostel
361,茗豐民宿
362,海印民宿
363,小牧人民宿
364,台南住宿【鳥居一棟】台南民宿包棟
365,尚順君樂飯店
366,如果玉見你景觀民宿－花蓮太魯閣包棟唱歌烤肉寵物友善民宿
367,南方家屋旅店
368,好宅184
369,新竹尖石峇里森林溫泉渡假村
370,春成民宿
371,墾丁東岸會館
372,花蓮繆斯·法朵民宿
373,台東知本溫泉發財旅宿
374,香頌台南
375,橫賓浪漫民宿
376,Dong Shi Garden
377,時空行旅
378,遠百企業觀光旅館
379,台東醇旅旅宿-人氣民宿住宿比價 景觀海景景點旅遊獨棟民宿
380,艾倫的家
381,獅子王的家-親子民宿
382,La Place
383,士林公寓 Shihlin Service Apartment
384,85海角
385,墾丁凱映輕旅
386,黑宅 Black House
387,芹壁地中海民宿
388,璞漣商旅台北車站館 Hotel Puri Taipei Station Branch
389,世外桃園民宿
390,Kindness Hotel Wujia Branch康橋商旅(五甲館)
391,富嘉休閒事業有限公司
392,歐遊國際連鎖精品旅館-新莊館
393,望海樓
394,羅東木頭人民宿
395,瑞城別館
396,蘇澳大飯店
397,九份民宿龍門客棧
398,宜蘭三星田點Full HouseB&B
399,武暖Zoo親子會館
400,胖胖糖老屋民宿
401,日光呼吸民宿
402,無煙民宿 No Smoking INN
403,金豪麗商務旅館
404,金瓜石慢時光民宿
405,戀曲峇里民宿
406,安禾旅店
407,夏木漱石 台南安平10-20人包棟民宿（寵物友善)
408,Taipei Star Hotel
409,雲天楓泉民宿
410,宅安平
411,田野居宜蘭民宿
412,Emily B&B
413,天ㄟ露營車
414,CHING SHE Commercial Hotel
415,The GAYA Hotel潮渡假酒店
416,高賓興業防疫旅館（遠東汽車旅館）
417,水頭人家
418,澎湖蜜絲旅民宿MissInn
419,羅東微風小棧民宿
420,觀湖四季
421,台南花園美宿
422,晴美公寓酒店Jolley Hotel
423,風車民宿
424,慢漫窩溫泉旅宿
425,鹿港永樂酒店
426,心園生活旅店
427,享溫泉
428,麻豆驢子廚房
429,怡和飯店
430,虎爸羊媽的家
431,Simple Walk 小公寓
432,台南民宿小西門會館
433,古憶庄
434,永悅行旅－台中推薦住宿(防疫旅館)
435,明月湖品味湖畔旅店
436,La Casa Greenisland B&B 家在綠島
437,House 123巷
438,說走就走民宿 澎湖民宿&旅館&hostel&景點
439,南庄山居蘭園木屋民宿 露營區
440,東港民宿-許願宿民宿
441,緣民宿
442,舒蘭精品旅館
443,一中維也納2館
444,一畝田民宿
445,稫室
446,有一片葉子
447,台北尚印旅店
448,藍山客棧（Blue mountain inn）
449,楓華蜜雪兒員林館
450,嘉娜民宿
451,日日好民宿
452,鴻福優雅商旅
453,Hmulan Motel
454,碼頭精品旅店
455,福隆比司吉民宿/Faulong Biscuit hostel
456,綠島宏發民宿
457,Red Crown Jacana B&B
458,湖水映民宿
459,綠島鹿瑪LUMA民宿
460,台東飯店-娜路彎銀河酒店 親子住宿 公司旅遊 情侶 家庭 溫泉飯店 景觀推薦
461,微風海恋民宿
462,三仙台海滔民宿
463,嵐庭雅築
464,Go home Backpackers
465,樹之間民宿
466,芹壁村25號 民宿
467,逢甲愛上它住宿
468,鴻來商務旅館
469,綠島GT大叔民宿
470,欣欣美地民宿
471,德奇海景民宿
472,曙光海岸民宿
473,感覺民宿feelingB&B-親子團體包棟 旅遊套裝 合法必住旅宿(人氣高cp值 推薦酒吧)
474,惜福民宿
475,板橋凱撒大飯店
476,小琉球歐透樓溫馨民宿
477,瑞穗 「51民宿」. Home Stay
478,御花園商務汽車旅館
479,一九六民宿
480,風之海岸旅館
481,85 BLUESKY
482,大都會旅館
483,星浪.新蘭海景咖啡民宿（ The Treasure Bay Seaview cafe'＆inn) ）
484,三星四季-小時家民宿
485,關山清馨民宿
486,水岸小築
487,Taipei Meet 台北遇見
488,斜角背包客棧
489,WO Hotel (窩飯店)
490,雅都旅館
491,什麼玩藝民宿
492,宜蘭風情
493,漢來大飯店 The Grand HiLai Hotel
494,城市商旅桃園車站館
495,米堤Motel-台南館
496,嗨喲嗨獨棟民宿
497,Rainbow Hill House
498,頌華私墅SH_Villa
499,花蓮海想念民宿
500,Bellus Inn & 設計
501,儷夏商旅 西門捷運館 MUZIK HOTEL - Ximen Station Branch
502,蘇羅婆溫泉渡假村
503,小鳥敲門度假屋
504,順泰旅店
505,綠島海明威民宿
506,客梢CuShare｜安平民宿｜台南住宿｜平價高CP值｜環島首選｜各大訂房網站高評價一致推薦
507,禾楓汽車旅館-商務洽公出差 團體觀光住宿(人氣推薦必住)
508,紳士民宿 Gentleman B&B
509,墨磚民宿
510,荷比8號電梯民宿
511,AlleyInn/大仁胡同
512,蘇澳微笑309
513,龜丹水哥溫泉區 | 龜丹休閒體驗農園 | 仿野溪原石設計溫泉區 HOT-SPRING RESORT
514,Nantou Sunmoon Lake Walami Homestay B&B
515,久窩旅店逢甲館
516,一府 IF Guest House
517,幸福轉角民宿
518,東戀溫泉民宿-瑞穗
519,有朋會館
520,Hikids童趣主題民宿
521,第五季鄉野別墅 Season 5 Country Inn
522,探索汽車旅館-中和館
523,水美溫泉會館
524,芬芳文創旅館
525,金山金色陽光民宿
526,蘭陽溪口海景民宿一館
527,小琉球菈菈輕旅
528,和舞春蝶 民宿
529,大坡池渡假會館
530,烏來輕井澤溫泉旅館 Wulai Karuizawa Hot Spring Resort
531,Shangping 201 B&B
532,橋庭民宿CiaoHouse
533,藝術家莊園ArtVilla
534,東河民宿 狂衝浪店 Donghe surf shop
535,家家陽光house
536,岸渡陳艙 民宿咖啡
537,鯨魚園民宿
538,三角涵宿
539,台北龍山商旅
540,新竹安捷國際酒店 AJ Hotel
541,雲景溫泉休閒渡假山莊
542,愛洄來民宿
543,駐8號
544,小琉球民宿-小琉球蘋果屋海景民宿-人氣特色海景民宿 寵物友善 團體旅遊 景點推薦住宿-
545,高雄設計旅店 PAPO'A HOTEL 帕鉑舍旅
546,遇知 安平
547,紅舍客棧旅店
548,中和旅舍
549,站前9號民宿
550,水天-古民居茶屋
551,竹山民宿-布拉諾主題民宿
552,宜蘭賴床民宿(Stay In Bed Hostel)
553,歐來海景民宿
554,祥華民宿
555,台中威汀城市酒店
556,日光 LOHERB
557,宜蘭福寶渡假民宿
558,海天一舍素食民宿
559,嘉義樂客商旅
560,85布拉格
561,莫內花園民宿
562,鹿港 鹿遊人文民宿
563,85威尼斯酒店式精品套房
564,紫晶灣民宿二館
565,水旅宿W2
566,遇境民宿
567,玩轉金門民宿
568,大洲花園渡假山莊
569,新八里汽車旅館
570,金門1995背包客棧
571,西門101 - S精緻旅店
572,露比景觀農莊
573,台北國賓大飯店
574,梨山春發農園
575,簡單純民宿S&P House
576,日月潭水岸休閒飯店
577,宇春商務旅館
578,沅宿民宿
579,華盛頓特區拉法葉廣場索菲特酒店
580,Mountainlodge
581,106民宿
582,古山園旅社
583,兆億申襄采民宿
584,奇異果共享旅店-中壢車站店 Kiwi Share Hotel
585,豪城商旅民生館
586,三仙台的浪
587,田中央旅店
588,九份故事樓背包客民宿
589,金門熊寶貝民宿 DearBear House
590,溫馨汽車旅館
591,Crack House | 岩居 | Long Dong Rock Climbing Club | 龍洞攀岩俱樂部 | Taiwan Outdoor Climbers' Coalition | 臺灣戶外攀岩協會
592,沃客商旅三重正義館
593,千江映月民宿
594,雲都商務飯店
595,放菘民宿
596,音樂盒親子兒童超跑民宿
597,上好民宿
598,Hotel MVSA 慕舍酒店
599,鉑娜愛琴海居家BONAFIDES (高雄門市Kaohsiung)
600,趣淘漫旅 HOTEL CHAM CHAM 台南
601,1986輕旅~民宿包棟/國旅卡/寵物友善
602,花鳥蟲鳴高山露營區-輕露營免搭帳
603,大尖山原野小屋
604,台輪時尚旅店
605,七星潭泥作輕旅
606,28 the loft
607,百勝村咖啡莊園‧民宿‧露營
608,大鞍清境民宿
609,浪琴海渡假旅館
610,那年夏天
611,台南民宿 吉姆俱樂部 Jimu's Share Space ( 21:00 過後請勿來電，下方網址可自助訂房 )
612,H Inn 祥甫會館
613,家是愛之窩民宿
614,紅高粱民宿
615,Green Bottle 綠瓶子
616,台東池上玉蟾園民宿YuChanYuan 。寵物友善空間。
617,九份 輕旅行 民宿
618,圓頂瓦舍 夢的堡壘海景民宿-行程規劃 租車船票 接駁服務 特色景點民宿 親子 觀景 獨立海景 180度景觀 新婚蜜月房 情侶 團體包棟住宿訂房推薦
619,冒煙的喬就是公寓旅店
620,丁香雅築庭園民宿
621,阿爾法民宿AlphaVilla
622,Feliz Hotel Kenting 墾丁九號旅舍
623,辣妹子多肉咖啡民宿
624,愛麗絲國際大飯店
625,漫步1948 (Meander 1948 Hostel）- 防疫旅館 Quarantine Hotel
626,宜人海灣山海景民宿
627,桔樂多民宿
628,Seeing Inn
629,馥華大觀商旅 Hotel Purity (防疫旅館編號:03022)
630,Jun Yue Qiong Lin
631,康橋商旅-台南民生館-Kindness Hotel - Tainan Minsheng branch
632,H&D小徑別館
633,路境行旅 Finders Hotel
634,樹也Villa
635,旭海左岸民宿露營區
636,邁阿密馬里奧特比斯坎貝伊
637,日景園
638,金銀島酒店
639,咩咩不是羊B&B
640,台東-日月山水民宿
641,卡帝亞汽車旅館
642,宜蘭民宿 - 原宿• MHL4
643,湖漾189風格旅店
644,The Tangerine
645,海星灣民宿
646,Taipei Taipei Hostel 台北台北
647,芝加哥瑞士酒店
648,樂芙優旅 LUV U MOTEL
649,Treasure Island Hotel - Xinfu
650,艾拉．法萝民宿
651,金瓜石藝棧景觀渡假別墅
652,浪晴民宿
653,馬卡龍民宿
654,池上豐禾日麗 文田館
655,花都汽車旅館
656,羅東夜市
657,迴嘉小旅宿
658,安農左岸民宿
659,星夜民宿
660,井巷弄
661,斑鳩小鎮森活民宿
662,濱海風情旅店
663,德立莊酒店
664,葛瑪蘭風呂溫泉飯店 Gamalan FL Spring Hotel
665,東海小時光民宿（1館），30秒到東海大學，全套房，合法民宿106號
666,哈密瓜Motel-竹北館
667,台中富信大飯店
668,海景擁月星宿民宿
669,錦平民宿
670,蘭海休閒時光
671,白海民宿
672,悠悅民宿
673,花季度假飯店
674,Cozy B&B
675,統一大旅社
676,清境柏克萊民宿
677,佳美髮民宿
678,三和民宿 sanhe
679,第五季國際旅店
680,東華八號民宿
681,山上人家
682,親愛的民宿
683,Courtyard by Marriott Los Angeles Burbank Airport
684,綠島雍雅坊民宿
685,童之心樂園
686,境星空民宿
687,筆拉農莊民宿
688,金門十美渡假村
689,街角二館-角舍背包客棧民宿
690,遇見澎湖
691,柯達大飯店 台北二店
692,Van Park
693,瑪奇文旅 MACCHI HOTEL
694,成秀文旅
695,花蓮布洛灣大飯店Bulowan Hotel
696,墾丁海灣森林精品民宿 Bay Forest Boutique Hotel
697,台北天晴旅店 Taipei Sunny Hostel
698,秀姑巒溪民宿
699,穗花田渡假莊園-重機民宿 鐵馬民宿 瑞穗民宿 咖啡民宿 泛舟民宿 團體情侶親子家庭公司民宿 背包客住宿
700,花蓮森林中民宿B&B Hualien Foresty B&B
701,台北馥華商旅 (松江館) Forward Hotel Taipei (防疫旅館編號 02056)
702,經典大飯店范特奇堡
703,台東海平面民宿
704,Chi Ya B&B
705,日新旅店
706,十二籃民宿-寵物友善 機場碼頭接送 特色早餐
707,旅樂序精品旅館 - 站前五館
708,和諧布袋民宿Harmony Guest House
709,愛玩水運動民宿
710,月娘坡
711,全龍旅社
712,福格大飯店
713,水舞行館
714,花蓮民宿-何家民宿
715,太魯閣-黏住民宿
716,儷泉溫泉館
717,茶緣觀舍
718,約客汽車旅館(新竹館)
719,福田民宿
720,卓也小屋渡假園區
721,捷絲旅台南十鼓館
722,統一渡假村馬武督渡假會議中心
723,蘭欣花園汽車旅館
724,知本老爺酒店
725,大峰民宿
726,富邦藝旅台北大安Folio Hotel Daan Taipei
727,今天有約 小琉球包層民宿 （威尼斯海灘 烏鬼洞）
728,御宿汽車旅館 中華館
729,On My Way Dulan Hostel & Backpacker（途中都蘭青年旅舍）
730,巴黎溫泉渡假別墅
731,花鳥居民宿
732,新開幕在水一方民宿冬山羅東宜蘭
733,台東富裕商旅
734,MINI HOTELS 逢甲館
735,雲頂Villa
736,Hodua Guest House
737,救國團劍潭青年活動中心 志清大樓
738,馬公綠町 M. Apartment
739,遇見彩虹生態村（原若蘭山莊螢火蟲保育區）
740,邀月小築
741,蘊泉庄 YUN ESTATE HOTEL
742,大新精緻商旅
743,念嘉戀家民宿
744,Tipo
745,鹿港谷倉民宿
746,女巫國際背包客 Pataw Hostel
747,澎湖衫之林民宿-澎湖民宿推薦 澎湖住宿推薦.澎湖海景特色民宿.澎湖花火節推薦民宿行程規劃
748,虎爺溫泉會館-日式小木屋住宿 個人泡湯屋 露天大眾池SPA 親子戲水池(平價推薦 近瑞穗火車站)
749,靜園海岸民宿
750,好康spots民宿
751,南方澳陸連島渡假套房
752,途中．台東 青年旅舍 背包客 / On My Way．Taitung Hostel & Backpacker
753,花蓮丘晨民宿二館-瑞穗民宿 瑞穗包棟人氣推薦
754,清境家園景觀山莊
755,曉晴星空露營地
756,肥羊的窩-民宿
757,台東鹿野奇泰民宿 | 近鹿野高台
758,台東知本溫泉朝陽飯店
759,台糖長榮酒店 台南
760,藍色漫波海景民宿
761,琉球茶室現代館
762,陽光綠景民宿
763,Meow Meow Fish
764,蛋黃民宿
765,八五亞太旅店(亞太投資廣場)
766,Li Hua Du B&B
767,阿信旅店台南店
768,惠蓀林場小木屋
769,金門古寧頭龍門客棧民宿
770,薇閣精品旅館
771,金堡旅店
772,藍月BBQ 包棟民宿
773,花蓮泛水凌山自然手感民宿
774,木之宿Cabins
775,美芙精品旅館
776,蘭田雅舍親子民宿
777,Akari Guest House
778,纏民宿xRemindful B&B
779,山川密境露營區
780,金鳳凰商務旅館
781,Denver Milan Hotel
782,黃風鈴Yellow Wind Bell B&B
783,台北西門町意舍酒店
784,盈家溫泉民宿
785,康橋大飯店 三多商圈館 - Kindness Hotel Sanduo Shopping District
786,空中邊境景觀農場 ( 住宿 / 露營 )
787,歐都納山野渡假村
788,芹壁美芹居民宿
789,大板根森林溫泉酒店
790,雲享民宿
791,園霖汽車商務旅館
792,藍天普悠瑪民宿
793,舞辣史東背包客棧Wula's dorm backpackers
794,靜夜星空民宿
795,錦屏美人湯館
796,聖亞哥商務旅館
797,明日大飯店
798,初見輕旅
799,安蘭居國際青年館 (An Lan Jie Hostel)-最懂嘉義的旅館
800,麗雅精品旅館
801,毛弟旅店
802,逢甲逗留
803,True Love Kaohsiung
804,蘆薈Villa民宿
805,麗馨汽車旅館
806,花蓮民宿-鮭魚歸魚民宿
807,海邊民宿 Hibnb Guesthouse
808,彩虹園民宿
809,墾丁自遊行
810,La View 麗晨
811,慢水山丘民宿餐廳 Slow Water Hill
812,微風星情
813,高雄福華大飯店
814,利卡夢民宿
815,天堂鳥商務汽車旅館
816,台南澄山心理園區二期預定地
817,夏內爾落羽松民宿
818,裕元花園酒店
819,禾楓汽車旅館
820,知本富吉野渡假中心
821,牛哥民宿
822,宜蘭 田念 親子民宿 包棟
823,桃山渡假農場
824,恆春東門親子民宿 大麥町店狗親自接待 合法民宿｜清清之家
825,微風栩栩&晴意天空
826,台南民宿幸福拾光
827,月光祝福民宿 Moonlight Blessing Hostel
828,會來尖石溫泉渡假村
829,盤古拉墾丁渡假花園民宿
830,Yucheno Hotel
831,麗軒國際飯店 Li-Shiuan International Hotel
832,阿里山賓館
833,QK平價時尚汽車旅館-龜山館（連續住宿享優惠）
834,涵碧樓
835,綠的抱抱民宿
836,70號民宿
837,墾丁伯利恆-民宿&包棟別墅
838,愛九份民宿
839,威尼斯海景會館
840,Love Motel
841,台北睡過頭小窩
842,二月山家民宿-人氣 網紅民宿 嘉義B&B 梅山太平民宿 嘉義推薦 阿里山
843,CHECK inn 雀客旅館台北建北(防疫旅館)
844,MINI HOTELS 台中火車站館
845,Little Paradise Inn
846,小熊星宿 UrsaMimor House
847,太武山下民宿
848,鄉下民宿-宜蘭自然休閒田園平價舒適民宿 賞鯨優惠 團體包棟民宿
849,馬太鞍拉藍的家民宿
850,金湧泉SPA溫泉會館
851,悅綠墅民宿
852,台南OWL INN 窩喔！台南旅宿/旅遊規劃/台南旅遊/台南中西區
853,新南民宿
854,木棧 Wood Inn
855,宜蘭包棟民宿五十天
856,花蓮幸福是我家民宿
857,河樂悠遊HOLAYOYO
858,幸福光居民宿
859,荔枝民宿
860,台南水恆聚泳池包棟民宿
861,棕梠泉民宿
862,晴空桂冠精品旅店
863,夢幻森林親子民宿
864,幸福客棧
865,台東民宿朝日渡假別墅
866,台北愛家民宿 - 長沙大厦(西門町)
867,漁人休閒民宿
868,樹夏
869,兆品酒店礁溪 Maison de Chine Hotel Jiaoxi
870,花蓮坡岸邊民宿
871,阿曼城市汽車旅館
872,石一方stone party
873,清淞溫泉家
874,Mr. Zheng Cottage
875,想窩11餐旅館 Shine World 11 Hotel & Restaurant-沙鹿住宿|沙鹿必去|網美餐廳|親子餐廳|景觀餐廳|沙鹿飯店
876,多麗民宿
877,閩南旅店
878,天禾旅店
879,虫二雅舍
880,石門水庫福華渡假飯店
881,Emerald Grange
882,Hygge安平行旅
883,西門弄 Ximen Lane
884,泡泡森林親子民宿
885,鳳凰宿甲蟲生態民宿
886,小熊屋民宿
887,苗栗三義杉桐雅築民宿
888,環泰大旅社
889,第六號公路
890,Classic Delight
891,國境之南設計旅店
892,宜蘭 羅東樂活主題住宿VILLA館
893,筑園居民宿
894,享童居
895,貝爾頌精緻汽車旅館
896,星雅會館民宿 Star Ya Hall homestay
897,宜蘭民宿 香戀星空
898,天水民宿
899,墾丁 My Home 青年旅館背包客棧
900,依依不捨民宿
901,香富大飯店台中館
902,璞樹文旅 TREEART HOTEL
903,山間茶墅
904,佐沐民宿
905,Aura Villa悠悅光
906,余舍行旅 Royal Roi Hotel-精品特色飯店 精選親子旅館 IG網美住宿 (逢甲推薦必住)
907,Shan Yu Hai B&B
908,富順大飯店
909,珊瑚嶼民宿
910,台北福華大飯店The Howard Plaza Hotel Taipei
911,沐森
912,黑牛傳奇 Bull's house
913,CHECK inn Select 雀客藏居台南永康
914,礁溪松語墅溫泉居
915,日出太平洋莊園民宿(Alba Pacific Villa)
916,J.T.World 趣旅行
917,品格子旅店北車館
918,Metro Apartments Taipei
919,溫暖的家二館
920,寶島大樓 Bao Dao
921,武界五峯民宿-推薦套裝行程民宿 團體推薦露營車 (南投仁愛鄉)武界民宿 團體活動 露營車烤肉住宿推薦 小木屋住宿 日出雲海民宿
922,36號燈塔民宿
923,湖前58莊園
924,居然旅宿
925,Lala Mountain Gaoyuan Farm
926,櫻花林休閒檜木屋
927,花蓮翰品酒店
928,台南4313房間商店
929,台南搖滾狂巢景觀旅店
930,菱線 Lingxian
931,屏東董媽媽小築民宿
932,台南商務會館
933,W11 Homestay
934,小琉球外泊家民宿
935,希臘風情民宿
936,悅賓大旅社
937,幸福陽光民宿
938,日月潭桂月村民宿 Laurel Villa B&B
939,山泉之戀休閒民宿
940,雅舍
941,Lungta BnB
942,台北商旅慶城館 Les Suites Taipei Ching Cheng
943,日光高鐵精品旅館
944,huya-hotel
945,清境旭悠民宿
946,私藏 NO.1
947,日春民宿
948,麗翔酒店連鎖(礁溪館)
949,墾丁欣欣度假旅店一館
950,承億輕旅 花蓮館Light Hostel
951,土牧驛健康農莊
952,逐日光而居 Sundaze
953,泉湯溫泉商務旅館
954,七里山瑭民宿咖啡
955,太魯閣蘇西小空間 Taroko susispace homestay
956,米宿館 Roomi house2
957,伊蝶汽車旅館
958,正點旅店
959,晴光部落民宿
960,宜然風鄉村民宿
961,歐閣精品汽車旅館-高雄館
962,歐悅國際連鎖精品旅館 - 新營館
963,翔鼎民宿
964,安平72號民宿
965,煙波飯店-都會一館
966,布袋愛琴海民宿
967,太魯閣惠宇民宿
968,Papa Whale 高雄美麗島館
969,墾丁統茂高山青飯店
970,亞歷山大汽車旅館
971,日月潭明湖采堤渡假館
972,自在旅店
973,玉蘭99 寶媽 民宿
974,蔚藍珠海特色民宿
975,Hai Yin
976,金普敦鄉村悠活民宿
977,米蘭莊汽車旅館
978,馬祖東莒-故鄉民宿
979,水頭85號民宿(北緯24)
980,心晴好民宿
981,花蓮幸福時光民宿/包棟民宿
982,王子去旅行
983,小背包民宿
984,Happy Taipei Hostel
985,小琉球藍色海灣民宿
986,高鐵背包客
987,紅磚民宿
988,台中兆品酒店
989,三民賓館
990,三好商務汽車旅館
991,蜜月館大飯店
992,多多小木屋
993,Annie’s House Taipei
994,讀·好 B&B
995,泰安仙境露營區
996,陽光大飯店
997,清境農場
998,興吉小木屋
999,奇萊大飯店
1000,琉戀客佔 Boutique HOTEL
1001,U Hotel
1002,富莉庭緣民宿
1003,景安精品旅館
1004,Hi Young Castle
1005,Holiday Inn Burbank-Media Center
1006,清境蕓蘆景觀渡假山莊 Winlu Vacation Farm -親子秘境民宿住宿訂房 人氣推薦 清境雲海景點 渡假旅遊 一泊二食
1007,柯達大飯店台北林森防疫旅館
1008,愛伊堡汽車旅館
1009,龍翔大飯店
1010,"谷點咖啡民宿Goodian Coffee,Bed & Breakfast"
1011,君舘商務旅館
1012,Antique Studio 台南攝影棚/場地出租
1013,樂宅1960民宿
1014,聚樂山莊
1015,比佛利花園汽車旅館
1016,澎湖好山好水民宿 澎湖民宿 澎湖馬公民宿 澎湖包棟民宿 澎湖親子民宿 澎湖平價民宿 澎湖花火節民宿
1017,宜蘭民宿水岸恬園
1018,Nian Nian Anping
1019,綠光森林
1020,Yilan Golf B&B
1021,拉拉山侑德園
1022,爺亨梯田農莊
1023,夏沐雷民宿
1024,驛站會館
1025,浮華四季民宿
1026,桔的堡親子民宿
1027,太陽慢慢走 Red Letter Day 台南寵物友善民宿
1028,元龍民宿
1029,台東關山會館
1030,安通溪畔溫泉民宿Antong Creekside Hot Spring
1031,HOTEL j礁溪日月光溫泉小旅店（豪美日月光）
1032,Hotel de L'eau 安平留飯店
1033,羅東三好民宿
1034,泊樂行旅-赤崁店 Hotel Brown Chihkan Branch
1035,三地門民宿
1036,貓月1820民宿
1037,凱旋星光酒店
1038,清翼居旅店
1039,兩朵昀民宿（慢活台東 高CP值民宿）
1040,墾丁葡園會館
1041,東港民宿 東立方旅宿
1042,Staykids Cafe` （預約制）
1043,南澳民宿
1044,宜蘭民宿灣客棧 WeInnOne
1045,澎湖諾亞方舟民宿
1046,曖月精品商旅
1047,歐特屋汽車旅館
1048,溫莎堡微風二館
1049,日月潭 藍天水灣旅宿Blue Sky Bay B&B｜日月潭民宿｜日月潭住宿
1050,松柏民宿
1051,美麗四季精品旅館
1052,品味觀峰民宿(Pin-Way House)
1053,高雄國賓大飯店 The Ambassador Hotel Kaohsiung
1054,楓情汽車旅館
1055,金建商務飯店
1056,日日春民宿
1057,象園民宿
1058,民生民宿
1059,山硯民宿
1060,花蓮民宿-美麗晨曦花園民宿
1061,南江璞園
1062,茄苳園休閒民宿 Jia Dong garden
1063,澎湖.歐嗨悠旅店travel
1064,太巴塱kapah部落客棧
1065,歐遊國際連鎖精品旅館-台中館
1066,台東海堤海景民宿
1067,玫瑰花園汽車旅館
1068,海的顏色精品旅館
1069,宜蘭民宿 布諾斯莊園
1070,澎湖夢砌民宿
1071,楓采時尚汽車旅館
1072,春大地
1073,魔法精靈民宿
1074,"InterContinental Los Angeles Downtown, an IHG Hotel"
1075,松夏大飯店Melody Hotel
1076,湖畔人家民宿
1077,Chateau Beach Resort 墾丁夏都沙灘酒店
1078,君品酒店
1079,King & Princess Motel-Rende
1080,禾康商務旅館
1081,探索汽車旅館-延平館
1082,記憶城堡民宿
1083,文南哥爸妻夫飯店
1084,墾丁南灣‧珊瑚假期『寵物友善平價民宿』
1085,水田私房農園
1086,撲克商旅 A ACE HOTEL
1087,J2
1088,巴布豆民宿
1089,蘭潭泛月文旅
1090,麗新大酒店
1091,MUDU BREEZE MOTEL
1092,煌家民宿
1093,立崎飯店
1094,有窩客棧 - You Worth Inn
1095,蝶舞境安溜滑梯親子民宿 宜蘭羅東民宿 Dancing Butterfly Inn Yilan B&B Ilan Home Stay
1096,寶島53行館
1097,迦南美第生態民宿
1098,Jia Inn
1099,墾丁慕蘭旅店
1100,Miaoko hostel
1101,台東行雲會館
1102,東旅背包客
1103,碧潭飯店
1104,艾菈墨菲民宿
1105,西門日記旅店
1106,一見鐘情民宿
1107,倆仙沐田莊園
1108,12號民宿
1109,卡樂風民宿
1110,Mini Tour² BNB Ｘ 米柅兔の獨棟自在in宜蘭
1111,花蓮包棟民宿唱歌烤肉麻將-花蓮市區碧夏民宿
1112,米娜瓦
1113,象山休閒民宿農場
1114,嘉義皇爵大飯店 CHIAYI KING HOTEL
1115,築在這
1116,百合民宿
1117,自己來+ 背包小旅宿
1118,芳草古樹花園
1119,綠美旅店
1120,HI Boston Hostel
1121,安捷羅馬假期會館istaytion-Rome Holiday Station
1122,梅好時光
1123,Ying Yue Villa
1124,愛客發時尚旅館 - 萬年館
1125,小琉球-山海晟觀海民宿
1126,藍色貓頭鷹民宿
1127,早苗莊園民宿
1128,水的對話民宿
1129,青竹文化園區-青竹筠饌餐廳
1130,鼎立安商旅 TopL Hotel
1131,鼎帥溫泉旅館
1132,kaishing hotel
1133,安得國際青年旅店 ENTERINN TAIPEI HOSTEL
1134,松滋露營區
1135,雙連埤民宿
1136,車城 麗景農莊
1137,高雄夏日街背包客宿屋
1138,長榮鳳凰酒店(礁溪)
1139,北海儷晶汽車旅館
1140,Gene Long Haiy Att Hotel
1141,美滿小窩渡假民宿
1142,飄洋都蘭民宿
1143,巨石海景咖啡
1144,和昌商旅-西門館
1145,晨光民宿(Morninglight Homestay)
1146,悅海溜滑梯親子民宿
1147,台北馥敦-馥寓 Taipei Fullerton Hotel-Maison North
1148,夫人民宿
1149,金色陽光民宿
1150,儂來旅館
1151,來來休閒農場民宿
1152,薔薇如画星空民宿
1153,金來商旅 Royal Biz Taipei (防疫旅館編號: 02037)
1154,英仕山莊(太平山民宿)
1155,鳥人創意旅店 Birdman MOTEL
1156,漫慢設計民宿
1157,5963右轉民宿
1158,黑煙囪景觀民宿 Black Chimney
1159,馨雅民宿
1160,六宿民宿
1161,高雄高巢民宿
1162,鮪魚家族飯店臺東館 Fish Hotel – Taitung
1163,興海灣運動休閒民宿
1164,HOTEL PROVERBS TAIPEI 賦樂旅居
1165,鹿港安順19旅居 Anson 19
1166,酒內民宿 Jeanette Home(Line ID: @jeanettehome)
1167,凱羅藝術飯店
1168,鎖定台東民宿 (草莓二館)/綠島/鐵花村/安心旅遊/振興卷/旅遊補助/國民旅遊卡
1169,牧草原民宿
1170,海之旅民宿
1171,Late Hours
1172,民宿庫
1173,Ya Ya Zhonghua
1174,花蓮海洋露營區
1175,台北碩美精品旅店 Taipei Hotel Bstay
1176,御田旅宿
1177,星空/太空艙旅店
1178,清桃源民宿
1179,金門挺好客棧
1180,台北西華飯店
1181,綠島長泰觀海民宿
1182,府城 寄居謝
1183,掃叭頂景觀民宿
1184,月相情境休閒旅館
1185,傑克堡
1186,右昇民宿
1187,路得民宿
1188,花蓮綠宿民宿
1189,嵐海民宿--優質民宿 人氣住宿 推薦海景 日出 月昇 星空悠閒渡假民宿 海景房
1190,킹프라자 호텔
1191,Song Qian Brigade
1192,英惠原藝民宿（山角頂咖啡莊園）
1193,余水知歡民宿
1194,加州長堤汽車旅館
1195,晨曦山莊
1196,薆悅酒店台中館
1197,Quan Ming Line Museum
1198,柏之园小琉球精緻民宿
1199,芳庭旅宿
1200,澎湖海派甜心
1201,墾丁航海民宿
1202,華利大旅社Modern Inn
1203,米卡沙旅店
1204,蘭夏會館
1205,美宿館海景風民宿
1206,普邑斯商務旅館Puyisy Business Hotel
1207,台南親子民宿- 胖蝸牛親子民宿 Fatsnail -台南溜滑梯民宿 台南親子飯店 台南住宿推薦 台南親子住宿 台南國旅卡
1208,香賓旅社
1209,台中 逢甲 文華道會館 In One City Inn
1210,I live Hotel
1211,台北美侖大飯店
1212,城市花園汽車旅館
1213,飛螢農莊
1214,那旅
1215,彩虹民宿
1216,提拉米宿海景民宿
1217,Ximen Corner Hostel 西門街角旅店
1218,藍海綠地民宿
1219,九份觀海樓民宿
1220,劍橋飯店台南館
1221,Come Inn Taipei
1222,台北民宿綠舍輕旅
1223,宜蘭柚子庭園民宿
1224,台東金莎民宿
1225,正一經典汽車商務旅館(二館)
1226,金門2home.璞居民宿
1227,Spray Home B&B
1228,貝殼窩港都青年旅舍
1229,Adagio Reindeer San Yi
1230,香樹花園酒店
1231,明阿宅
1232,101 總裁行館
1233,陋室影像民宿
1234,墾丁外婆家民宿 Grandma's Kenting
1235,阿里山民宿-山水清暉(淵明居新館)
1236,澎湖情人灣沙灘民宿
1237,安娜貝絲民宿
1238,新驛旅店 台北車站二館
1239,筑夢民宿
1240,山璞溫泉
1241,薑麻園裕國民宿
1242,蘭嶼魚飛浪民宿 Lamuran Guesthouse
1243,趣遊赤崁民宿 Chikan Fun Guesthouse
1244,愛玩小棧
1245,愛鄉民宿
1246,冠翔世紀溫泉會館
1247,美栗民宿
1248,艾爾行旅 Hej Taipei
1249,Da Jen Shan Style Resort
1250,Astrea星晨堡民宿
1251,福星民宿
1252,馥蜂溫泉旅館
1253,致仙屋民宿
1254,NO.820
1255,星空鯨魚民宿
1256,海的女兒民宿
1257,貝克漢汽車旅館
1258,阿梅溫泉
1259,宜蘭花檣渡假民宿
1260,螢營的天空露營區
1261,清優小築 民宿
1262,曙光渡假酒店
1263,東方雲民宿
1264,阿先湯泉養生會館
1265,花蓮楓林288鄉村民宿
1266,Yuxing Inn
1267,海墘民宿 Haichian
1268,大來飯店
1269,森野民宿
1270,有誠商旅 Yusense Hotel
1271,春風時尚汽車旅館
1272,玫瑰莊園
1273,紫薇園休閒農莊
1274,田老爺餐廳
1275,布蕾頓法式鄉村民宿
1276,海蜻蜓民宿
1277,宜蘭民宿 頭城 蘭博會館
1278,雲水溫泉度假森林
1279,燕窩民宿
1280,永興大旅社
1281,揚悅精緻大飯店-台南館
1282,冒煙的石頭溫泉度假旅館
1283,Wu house
1284,黎安商旅
1285,麗湯溫泉渡假山莊
1286,台中住宿日租民宿微旅棧
1287,M.house旅宿
1288,澎湖森源民宿 Sun-Young
1289,吉廬夫敢藝文民宿
1290,台北綠蒂飯店
1291,LIHPAO RESORT
1292,花蓮花田一鷺漫旅民宿
1293,萊茵汽車旅館
1294,舞艾湖民宿
1295,House One One Hot Spring
1296,東港海風民宿
1297,阿曼villa
1298,卡布-花藝小民宿
1299,星泉大地溫泉會館
1300,旅樂民宿 Relax Inn
1301,摩登汽車旅館股份有限公司
1302,九號溫泉旅店
1303,打個蛋海旅
1304,趣旅館-林森館
1305,悅榕汽車旅館
1306,海。人生 C’est la vie 海景民宿
1307,歸宿(民宿)
1308,琉星嶼民宿
1309,比浩民宿
1310,逢甲安琪兒
1311,邁阿密文華東方酒店
1312,卡皮塔爾希爾頓
1313,阿飛衝浪旅店-北非館
1314,遠山功夫浴場
1315,洛碁大飯店山水閣Green World SanSui グリーンワールド 山水閣
1316,林家民宿
1317,Xin Yuan Motel
1318,阿月民宿
1319,亞伯大飯店
1320,沐府海旅
1321,墾丁汽車旅館
1322,夢田信箱渡假別墅
1323,Yizhong Apartment
1324,赤嵌厝 Child Come Home
1325,心園民宿
1326,自由塔精品民宿
1327,台中逢甲25行館 Taichung FengJia 25 Hotel
1328,曦海映象民宿
1329,水擺夷風味民宿
1330,金龍溫泉大旅社
1331,田鄰綠民宿
1332,苗栗慈夢柔渡假會館
1333,917民宿(Ph917)
1334,猴子漫步宿
1335,浮雲客棧Kloud hotel
1336,夢想家24號電梯民宿
1337,夢仔哺_Dream Corner
1338,歌渡山農莊 Kdusan farm
1339,逗點主題風格民宿
1340,哈木家
1341,依蝶時尚汽車旅館
1342,Fun大民宿
1343,starlight175
1344,旅人之森 生活旅行案內所
1345,園霖大飯店
1346,五洲商務旅館
1347,The Lin Hotel 林酒店
1348,日月潭大淶閣飯店
1349,遇見夏墅
1350,麗緹城市商務MOTEL
1351,龍鎮民宿
1352,古根文旅
1353,綠海城堡民宿
1354,古皮公寓
1355,168motel 新竹館
1356,金門民宿尚義34號海之戀
1357,寶來山澤居Villa渡假小木屋（水沁、藤枝）
1358,埔里遇見小美好Mansion Puli．麗人婚紗
1359,花蓮民宿 美崙遊記Trekinn
1360,澎湖米悅民宿
1361,新竹福泰商務飯店
1362,晨光 民宿
1363,華王商務旅館
1364,芯之園
1365,Ola beaches
1366,藍海屋潛水渡假村
1367,過來住1館(寧靜的家)-包棟民宿 戲水池 烤肉 優質民宿 平價住宿 親子旅遊 家庭團體公司旅遊 日式風格民宿 淡季優惠活動 包棟優惠 買一送一 逢假日享1天8折優惠(連假除外)
1368,攝手座營地
1369,康橋大飯店-高雄站前館Kindness Hotel - Kaohsiung Main Station
1370,玉山 東埔 帝綸溫泉渡假大飯店
1371,萩閣民宿Sara's House
1372,大仁居 台南 hostel
1373,澎湖采居海景民宿
1374,歐閣精品汽車旅館-簡愛館
1375,挪威森林台中行旅1號館 Norway Forest Taichung Travel Hotel 1
1376,台中香城大飯店
1377,翠峰農場 卡爾小鎮
1378,香榭城背包民宿
1379,玲華園渡假小木屋
1380,新民旅社
1381,舞衣新宿南京館
1382,Domi 101 house
1383,Schön hotel
1384,九份施家民宿
1385,稻香村
1386,雲莊空間密碼民宿
1387,人字山莊藝術民宿
1388,正統民宿
1389,天石山莊
1390,梵谷會館
1391,群策翡翠灣溫泉飯店
1392,安平156民宿
1393,愛萊時尚旅館
1394,17 The Trip (17樂趣民宿)
1395,墾丁砂島206民宿
1396,台南民宿 二弄八號
1397,甜蜜蜜旅館
1398,吾居吾素-慕谷慕魚/鯉魚潭/白鮑溪/翡翠谷/螢火蟲/鐵人三項/划龍舟/免費停車場/斑斑
1399,喫茶居Chih Cha Jyu
1400,金崙鄉村民宿
1401,曉園民宿
1402,瑞穗【農妹子民宿】
1403,小貝殼背包客棧
1404,來一客民宿
1405,大甲茂華商務旅館
1406,阿尼吉農莊民宿
1407,Hong Ding International Hotel
1408,坲卡夏莊園民宿 Focaccia Manor
1409,Mountain Sea Villa
1410,好時光民宿Good Time
1411,阿魯芭民宿
1412,麗竹軒
1413,里萊行旅 - 桃園住宿 舒適浴缸 | 親子商務出差 | 寵物友善
1414,鹿旅民宿
1415,茲心園渡假木屋
1416,路得行旅 國際青年旅館 台東館
1417,貝斯特旅店(友華賓館）
1418,天池溫泉度假行館
1419,"長榮桂冠酒店(台北) Evergreen Laurel Hotel,Taipei"
1420,Sunny Breeze Penghu
1421,寶來溫泉山莊
1422,蛋花湯民宿
1423,後湖水月度假別墅
1424,Courier Station
1425,半天鳥精品民宿
1426,扇平山莊
1427,進成旅店
1428,桔子商旅館前店(防疫旅館)
1429,花蓮雲河之星民宿
1430,春旅店民宿
1431,不老溫泉渡假村
1432,大湖山莊
1433,圓夢山莊
1434,幸福之家民宿Singfu Homestay
1435,致穩人文商旅飯店
1436,夜市電梯民宿～今古安民宿
1437,救國團觀雲山莊
1438,礁溪民宿：礁遊趣
1439,墾丁福華渡假飯店
1440,波希瓦舍民宿
1441,浪人客棧
1442,逢甲旅棧
1443,Lala mountain Finland Villa
1444,花漾時尚旅館-防疫旅館
1445,淺水藍民宿
1446,明水露田園民宿
1447,宜蘭．冬山驛 青年旅館 Dongshan Yi Hostel 背包客棧
1448,光泉民宿 luster bnb
1449,九份許家民宿
1450,林家茶園民宿
1451,小魷魚輕旅
1452,現代單伸手
1453,千慧旅館
1454,Jimmy's House
1455,達日好民宿
1456,趣西門旅店
1457,金暉大飯店
1458,106海棧
1459,函漾輕旅
1460,馬祖南竿•祖厝民宿
