label,filtered_noun
0.0,價格 合理 舒適 房間 老闆娘 人 好 做 早餐 旅客 重點 早餐 吃到飽
0.0,內部 房間 乾淨 場地 團體 使用 覺得 棒
0.0,房間 小 美中不足 乾 濕 分離
0.0,房子 設計 棒 房間 採光 好 大廳 挑高 氣派 房價 合理 台東 住 民宿
0.0,Cp值 高 乾淨 舒適 空間 大樓 下 免費 吐司 咖啡 老闆 回復 速度
0.0,會客室 提供 免費 飲料 簡易 早餐 房間 設計 高雅 洗衣機 整體 小 美
1.0,風景 幽美 靠近 湖 地方 地點 適中 房間 優雅 清潔 衛生 服務 親切 高貴 貴
1.0,在 日月潭 地區 棒 飯店 服務 人員 親切 放鬆 趟 旅程
0.0,設備 部分 館 那裡 泳池 三溫暖 撞球 Xbox360 設施
0.0,雅房 浴室 在 房間 外 房子 門口 烤 肉 老闆 提供 桌椅 坐 聊天
0.0,營地 氣氛 悠閒 設備 齊全 交誼廳 聊天 電視 衛浴 空間 乾淨
1.0,風景 好 海港 海港 玩 水 密境 魚船 回 港 批 魚貨 新鮮 便宜
0.0,房間 乾淨 舒適 寧靜 安全 澎湖 觀光 旅遊 住宿 選擇
0.0,貴 民宿 老闆 老闆娘 親切 管家人 不錯
0.0,加 顆 星 六星級 cp值 超 高 老闆 人 超 好
1.0,離 鬧區 不遠 價格 便宜 房間 安靜 停車 方便 早餐 肉燥飯 豆漿 大推
1.0,舊 飯店 空間 配置 擁擠 免費 餅乾 茶包 咖啡包 附近 夜市 熱鬧
1.0,陸客團 住宿 飯店 大型 停車場 距離 嘉義 車站 不遠
1.0,交通 位置 好 老闆 nice 推薦 美食 浮潛 行程 棒 下 次 想
0.0,老闆 人 熱心 房間 陽台 乾淨 質感 溫度 舒服 民宿
0.0,門口 隱藏 鞋櫃 人工 草皮 外 水 空間 民宿 用品 品質 不錯
1.0,特區 體驗 輕軌 鐵道 感受 港都 高雄 多樣化 魅力 真心 推薦
0.0,棒 藝術 空間 吃 東西 住宿 展覽 老闆娘 超正
0.0,溫暖 內涵 民宿 值得 放鬆 渡假 推薦 超讚
0.0,餐點 用心 精緻 感受 女 老闆 食材 要求 店 貼心 情人節 活動 玩 開心
0.0,份 美食 吃 中 吃 房間 乾淨 舒適 程度 媲美 五星級 飯店
0.0,貼心 細節 靜待 來客 體會 感覺 老闆 花 心思 提供 旅人 舒適 住宿 空間
1.0,地點 不錯 房間 外面 陽台 海景 缺點 浴室 沐浴乳 補
0.0,裝潢 設備 不錯 清潔度 欠佳 房間 地板 桌子 床頭 椅子 沙子 浴缸 些 頭髮
1.0,早餐 簡單 風景 房型 風格 停車 方便
0.0,老闆娘 親切 漂亮 介紹 美食 旅遊 地點 民宿 在 庭院 收養 ㄧ 隻 流浪 貓咪 可愛
1.0,離 中 停車場 超 民宿 房間 乾淨 令 人 滿意 老闆娘 無比 親切 熱情 服務
1.0,地點 棒 靠近 水社 遊客 中心 乾淨 舒適 喜愛 龍貓 主題 環境 佈置 首選
0.0,人潮 下降 明顯 狀況 建議 民宿 主人 考慮 降低 房價
0.0,家 溫暖 5星級 飯店 舒適感 好友 般 熱情 主人 家 民宿 棒
1.0,空間 寬敞 燈光 明亮 床墊 軟 廁所 乾淨 腳踏車 騎 好 山 好 水 好 風景
0.0,烤 肉 唱 KTV 房間 照片 舒適 推薦 親子 朋友 前來
0.0,冰箱 免費 水 飲料 提供 咖啡 茶包 餅乾 下 次 住宿
0.0,乾淨 舒適 燈光 美 氣氛 佳 床 軟 推薦 201 中國風 按摩椅 按摩 浴缸
0.0,房間 品質 好 裝潢 質感 高級 花俏 超讚
0.0,可愛 怕生 貓咪 業者 經營 餐廳 島 旅遊 行程 機車 出租
1.0,住 想 體驗 在 虎井 住宿 虎井 不錯 景觀 船班 太少 可惜
0.0,樓下 來來 鮮魚湯 老闆 開 吃飯 機車 租 房客 優惠 50 元 方便
0.0,旅館 些 老舊 房間 溫泉池 溫泉 冬天 海浪 夏日 好
1.0,25 坪 原木 裝潢 外面 露台 張 躺椅 看到 遠處 海邊 庭院 整 景色 愜意 優美
1.0,放空 咖啡 夕陽 海景 滿分
1.0,地點 棒 距離 捷運站 500 公尺 旁邊 便利商店 餐廳 酒吧 林立 離 百貨 商圈 不遠
0.0,室 裝潢 衛生 環境 滿意 說 服務 品質 住宿 體驗 顆 星 繼續 加油
0.0,房間 衛浴 放置 物品 掛 衣服 地方 有待 改善
1.0,民宿 位於 朝日 溫泉 附近 吃 店家 建議 在 鬧區 用餐
1.0,房間 舒適 距離 市區 遠 住宿 附 早餐 不便
0.0,老闆 熱情 住宿 環境 棒 行程 講解 活動 套票 優惠
1.0,逛街 購物 蛋黃區 設備 開車 建議 位子 停車
0.0,家 在 住 爛 旅館 房間 小 早餐 吃 爛
0.0,水龍頭 水 小 差 壁紙 掉落 冰箱 位 客人 飲品
0.0,房間 舒適 乾淨 環境 令 人 放鬆
0.0,老闆 老闆娘 親切 推薦
1.0,風景 優美 民宿 整齊 清潔 老闆 親切
0.0,普通 房間 整齊 外觀 不行 早餐 種類 少 算 房客 日本人 居多
0.0,乾淨 舒適 服務 親切 腳踏車 電視 品質 普通 衛星 日本 電視
0.0,人 房 空間 環境 簡單 乾淨 服務 人員 親切 可惜 晚上 好
1.0,三樓 屋頂 適合 海 棒 地方 服務 親切 房間 安靜
1.0,地點 離 機場 方便 民宿 房間 空間 乾淨 廁所 間
0.0,頂樓 放空 發呆 cp值 高 好 民宿 小 管家 和善 房客 好
0.0,家 溫暖 飯店 舒適 小 管家 親切 招待 機會 拜訪
1.0,環境 清幽 房型 舒適 別墅 火車 鐵軌 高山 雲 繞 一覽無遺
0.0,室 迴音 整體 值得 推薦 好 民宿
0.0,隔音 差 晚上 聽 隔壁 房間 聲音 早上 隔壁 建築 施工 噪音 吵到 睡覺
1.0,捷運站 服務 親切 環境 舒適 早餐 提供 吐司 自理
0.0,三樓 廁所 空間 偏 小 馬桶 品質 不錯
0.0,吵 停車位 晚餐 早餐 房間 小 透天厝
0.0,小孩 人 加收 300 備品 床 老闆 愛 錢
0.0,簡單 乾淨 店員 韓國 花美男
0.0,菜 自助 烤 吐司 提供 花生 草莓 抹醬 飲料 冰 紅茶 三合一 熱 咖啡
0.0,乾淨 雙人房 空間 小 效果 差 早餐 選擇性 那麼多
1.0,南海 飯店 員工 服務 好 係 櫃檯 職員 執房 服務員 態度 友善 親切
0.0,服務 超棒 門房 阿伯 活力 親切 整 大眾 女湯 設備 空間 寬敞 宜人
0.0,大眾池 泡湯 宛如 置身 日本餐 食材 手藝 好 台北 近郊 放鬆 身心 好 選擇
0.0,路過 喝 杯 免費 咖啡 服務員 態度 友善 提供 手機 充電 溫度 飯店
0.0,熱情 老闆娘 招待 周到 環境 舒適 裡面 草皮 適合 親子 活動
0.0,民宿 餐飲 所有 服務 採 預約制 老闆娘 料理 手藝 好 建物 內外 優雅
0.0,下午茶 蛋糕 好吃 放鬆 地方
0.0,素食 便當 湯 好喝 旅行社 定價 400 晚餐 菜色 口味 價值 誠意 不足
0.0,房間 普通 櫃檯 親切 貼心 介紹 附近 景點
0.0,出菜 速度 菜品 不錯 服務 人員 態度 良好
1.0,民宿 景美 房間 設施 老舊 熱水 穩 服務 人員 親切 早餐 餐點 美味
1.0,環境 乾淨 價錢 合理 老闆 員工 親切 有禮 太平山 旅 好 選擇
1.0,環境 清幽 山景 美 浴室 乾凈 滿足 潔癖 職業病 支持 加油
0.0,服務 親切 附近 攤販 店家 吃 方便 房間 乾凈 早餐 好吃 推薦 入住
0.0,停車 位置 門 前 旅店 後方 空地 停滿 尋 車位 方便
0.0,枕頭 高 挑 睡 設備 老舊 人員 服務 親切
1.0,區 南海 遊客 中心 10多 分 距離 舒服 想 住
0.0,螞蟻房 水 小 黃黃 要價 5800 有夠 坑 800 價值
0.0,請 找 好 值得 花錢 民宿 踩 雷 提醒
1.0,環境 清幽 房間 整潔 早餐 美味 可口 咖啡 豆漿 好喝 讚 下 回
0.0,乾淨 舒適 玻璃屋 草坪 悠閒 時光 好 地方
0.0,房間 電視 冰箱 浴室 共用 cp值 低
1.0,二樓 岑嵐 窗戶 美景 晚上 老闆 煮 黑糖 芋圓 好吃 早餐 蒸 蛋 超棒
0.0,房間 感覺 質感 好 民宿 業者 貼心 幫 找 停車位 用心 介紹 九份 景點
0.0,老闆 老闆娘 人 親戚 好 老闆娘 漂亮 活力 料理 餐點
0.0,房間 明亮 寬敞 乾淨 浴缸 佳 水壓 舒適 主人 親切 服務 勤快 寶貝 愛車 停車 便利
0.0,音差 一樓 大廳 聊天 聲音 穿到 二三樓 聽 爛
1.0,地點 在 鬧區 購物 用餐 走路 人 房 乾淨 舒服 棒 民宿 推
0.0,房價 親民 老闆 親切
0.0,價格 平價 五星級 服務
0.0,推薦 建議
0.0,平面 停車場 早餐 宵夜 素食區 餐廳 經理 服務 熱沉 房間 乾淨 舒適
0.0,cp值 高 早餐 宵夜 蘿蔔糕 沾 花生 辣醬 美味 生菜 沙拉 新鮮 推薦 淋 油醋醬
0.0,特別 提供 宵夜 澱粉類 甜點 樓下 一樓 提供 餅乾 咖啡 飲料 坐 一下
0.0,兩 位 年輕 老闆娘 熱情 房間 舒服 民宿 電梯 早餐 馬祖 特色 繼光餅
0.0,老闆 爸 媽 一家人 問 答 親切 注意 班機 狀況 給予 建議 間 溫度 住宿
0.0,房間 新 設備 好 廁所 厲害 免治 馬桶 在 日本 飯店 看過 種 規格
1.0,地點 好 交流道 臨近 傳藝 風景 怡人 造景 漂亮 船 划 房間 溫馨 老闆 熱情
0.0,戶外 設施 人 在 養護 泳池 變成 綠色 烤 肉 戶外 活動 加 錢 推薦
1.0,歐洲 風情 美 老闆 親切 一望無際 視野 眺望 龜山島 五星級 民宿
1.0,附近 吃 民雄 鵝肉亭 花亭 壽司 廟 前 碳烤 雞排 水餃
0.0,食材 新鮮 生魚片 肉類 料理 美味 餐廳 環境 適合 久 坐 聊天 賣 辦手禮
0.0,停車場 服務 人員 今日 吃 蔬食餐 菜色 棒 下 次
0.0,獨立 空間 房間 乾淨 頂樓 設置 室 外 浴缸 特別
1.0,老闆娘 親切 環境 好 裝潢 氣氛 目前 住 民宿 裡 感覺 好
0.0,民宿 乾淨 舒適 民宿 主人 熱情 有趣 推薦 景點 食物 不錯
0.0,盥洗 用品 浴室 附 洗衣機 烘衣機 投幣式 早餐 粥品 吐司 麵包 果醬
0.0,設計感 服務 人員 親切 外部 裝潢 美 房間 內部 老舊
1.0,優點 離 車站 10 分鐘 附近 飾品 批發 區域 寧夏 夜市 方便
0.0,空間 寬敞 主人 庭園 經營 用心 種植 種類 植物 樹 照顧 動物 慈愛
1.0,住宿 周遭 生態環境 優美 兩 人 房 沙發 椅子 電視 頻道 選擇
0.0,房間 乾淨 好 睡 房東 夫妻 nice 棒 推薦
1.0,老闆 親切 熱情 房間 老舊 ㄧ些 窗 外 海景 棒 值得
0.0,態度 親切 推薦 景點 馬祖 地理 景觀 輕鬆 旅遊
0.0,老闆 熱心 親切 提供 機場 接送 租借 機車 全新 感謝 老闆 天 照顧
0.0,接 電話 小姐 超棒 服務 一級 棒 效果 好 床 枕頭 好 睡 房間 乾淨 舒服 值得 訪
0.0,飯店 業者 停車場 協調好 客人 面對 停車 費用 問題
0.0,週日 晚 1700 入住 CP 值 高 早餐 葷 素 咖啡 豆漿 果汁 奶茶 熱湯 應有盡有
1.0,營地 願意 改善 訊號 衛浴 熱水 垃圾桶 相信 這裡 清幽 風景 好 體驗
0.0,桌菜 份量 好多 露友 說 吃
0.0,水管 爆掉 次 可怕 訊號 聯絡 老闆
0.0,大廳 工業風 設計 享用 好吃 餐點 綠島 熱 吃飯 冷氣
1.0,環境 舒適 房 乾淨 寬敞 家庭房 按摩 浴缸 老闆 親切 地點 優 潛水 方便
0.0,熱情 老闆 舒適 用餐 休息區 乾淨 淋浴 空間 推推
0.0,民宿 主人 親切 全 柚木 裝潢 房間 質感 佳 回 訪 ㄧ樣 品質
0.0,間 溫度 民宿 房子 裡 細節 感受到 老闆 闆娘 房子 用心
0.0,建議 老板 提供 單車 租借 服務量 多意思 意思 三四 輛 隨緣
0.0,老闆娘 蔡姐 友善 親切 家 感覺 民宿 推推
0.0,好 下 次 到訪 台東 考慮 入住 民宿
0.0,乾淨 闆娘 親切 和藹 毛 小孩
0.0,房間 舒適 老闆 人 親切 花蓮 美食 景點 找 老闆
0.0,一樓 大廳 提供 飲水 咖啡 茶包 自由 使用
0.0,在 網路 訂房 電話 確認 訂房 時 主動 告知 提供 盥洗 用具 毛巾 浴巾 自備
0.0,民宿 乾淨 老闆 親切 烤肉區 停車區 房間 環境 好 推薦 這裡
0.0,房間 乾淨 整齊 物美價廉 適合 全 家 大小 朋友 宜蘭 遊玩 時 好 睡眠 品質 推推
0.0,房間 乾淨 房價 高 浴室 備品量 不足 洗髮精 沐浴乳 小 包
0.0,房間 乾淨 大廳 書 玩 棒 晚餐 菜 湯 800 元 高
0.0,日月潭 度假 飯店 停車場 早餐 在 湖 森林 裡面 吃 浪漫
1.0,日月潭 風光明媚 戶外 座位 景觀 好 餐點 口味 佳 貴 空間 舒適
1.0,舒適 衛生 機能性 佳 逛 安平 吃 美食 便利
0.0,乾淨 舒服 民宿 老闆娘 親切
0.0,老闆 服務 親切 房間 乾淨 舒暢
1.0,第一 次 住 民宿 看到 老闆娘 風景 不錯 頂樓 看到 火車 吵
0.0,兒子 娃娃 忘 在 民宿 感謝 熱心 親切 闆娘 寄回 房間 溫馨 舒適
0.0,老闆 親切 房間 乾淨 一樓 以外 樓層 wifi 訊號 差
0.0,老闆 人 好 家 味道 令 人 放鬆 身心
1.0,離 市中心 老闆 貝殼 導覽 專業
0.0,現代 風格 民宿 建築 設計獎 老闆 人 親切
0.0,舒適 房間 親切 老闆 棒 氛圍 優 價錢
1.0,民宿 欣賞 美麗 安平港
0.0,超值 住宿 雙人湯屋房 店家 推薦 餐館 好 風華 感 舒適
1.0,地點 佳 設施 良好 接待 親切 有禮 溫泉池 按摩 spa 床 好 睡
0.0,家庭 經營 服務 裝潢 用品 企業 飯店 整齊
1.0,房間 空間 乾淨 設計感 房 提供 免費 點心 飲料 距離 六合 夜市
0.0,淋浴 蓮蓬頭 按摩枕 棒 早餐 不錯 氣氛 好 桌子 低 床 容易 晃
0.0,環境 乾淨 裝潢 設計 新穎 空調 煙味 cp值 高
1.0,飯店 浴缸 中正 紀念堂 站 雙人床 兩 小 床 拼
0.0,設備 新穎 空間 寬廣 服務 人員 棒 親子 家庭 友善 下 次 推薦 親友 入住
0.0,房 設施 不錯 晚班 櫃臺 女 臉 知道 在 問話 愛 理 不理
0.0,房間 衛浴 品質 棒 乾淨 老闆 員工 親切
0.0,優閒 美好 文青風 民宿 小孩 ok 桌遊書 玩
0.0,老闆 風趣 好 聊 青旅 環境 不錯 喜歡 一樓 空間 藏書
1.0,CP值 高 地點 優勢 對面 夜市 小吃 便利 房間 稱 舒適 寬廣 洗衣 烘衣 設備 貼心
1.0,距離 小港 機場 出國 搭 早班 飛機 前 住宿 選擇
0.0,飯店 早餐 好吃 高 推薦
0.0,下 空間 接待處 客房 廚房 輕食 餐廳 免費 早餐 在
1.0,地點 方便 氣氛 溫馨 晚上 夜遊 天氣 好 景色 美 機會 訪
0.0,桌遊 電腦 雜誌 隔天 十一點 退房 二樓 室 飲食 整體 算 滿意
0.0,環境 整潔 房間 雙人床 加大 睡起來 舒適 老闆娘 熱心 烤 肉 場地 值得 推薦
0.0,老闆人 親切 服務 好 早餐 豐盛 環境 超棒 乾淨 烤 肉 超 讚
1.0,西門站 交通 便利 價格 便宜 住宿 房間 異味 推薦
1.0,飯店 在 西門町 方便 逛街 服務 親切 房價 親民 cp值 高
0.0,訂房 訂單 直接 取消 接 電話 服務 人員 負責任 態度 差 爛
0.0,棒 地方 野菜 烤 肉 醃漬 梅子 好玩
1.0,環境 優美 房間 乾淨 庭園 漂亮 度假 不錯 選擇
0.0,CP 值 高 老闆 親切 服務 週到
1.0,環境 安靜 晴光 夜市 小吃 選擇 隔音 好 易 受 隔壁 房間 聲音 打擾 睡眠
0.0,停車場 人員 說 上限 200 元 月租 用戶 房客 唬爛 信息
0.0,早餐 精緻 設備 新穎 陽台 浴缸 棒
0.0,房間 盞 燈 燈光 教 昏暗 浴室 門 附鎖 上廁所 洗澡 尷尬
1.0,設備 齊全 吹風機 洗衣機 地方 乾淨 靠近 車站
0.0,差 站 在 走廊 明顯 在 做 事 聽 一清二楚
1.0,地點 好 房間 環境 幽靜 庭院 小 沙坑 溜滑梯 孩子 愛
0.0,CP 質 高 爆 推 老闆娘 極品 海鮮粥 早餐 料 實在 超 讚
0.0,晚上 9點半 店家 貼心 配合 時間 協助 載送 行李 機場 覺得 服務 棒
0.0,前台 人員 餐廳 員工 服務 棒 房間 樓中樓 棒 主動 升級 人 房 房間
1.0,臨近 八仙山 風景區 飯店 舒適 服務 人員 熱情 親切 會議 場地 適合 公司 舉辦 活動
0.0,設施 適合 全家 團體 出遊 泡湯 桌菜 物美價廉 工作 人員 服務 態度 好 熱忱
0.0,裡面 文創風 擺設 棒 可惜 一樓 部分 面積 二樓 交誼廳 出租給 印度 餐廳
0.0,房間 小 沙發區 方便 房型 臨時 入住 選擇 雙床房 下 次 台中行 住
0.0,整體 環境 漂亮 來到 歐洲 玫瑰 親子房 玩具 溜滑梯 小孩 玩 想 離開
0.0,完美 住宿 體驗 房間 浴室 大廳 戶外 漂亮 早餐 擺盤 精緻
0.0,超美 超讚 滿足 女孩 住 城堡 幻想 服務 超 好 旅程 加 滿分 超推
0.0,服務 棒 室 裝潢 特色 可惜 浴室 擺 盥洗 用具 地方
0.0,櫃臺 小姐 親切 房間 煙味 重 早餐 品質 內容 不佳 加強
0.0,建築 問題 隔壁 樓上 聲音
0.0,一樓 間 人房 適合 家庭 有無 障礙 需求 使用 電梯 二樓 以上 樓層
0.0,空間 寬敞 舒適 裝潢 精致 具有 特色 房間 乾淨 未來 機會 訪
0.0,態度 好 喜宴 主人家 出錢 客人 住宿 找 客人 收錢 主人家 丟臉
1.0,算 在 整 區域 中心點 山莊 主人 家人 親切 房間 設備 簡單 乾淨
0.0,老板 親切 有禮 房間 內部 功能 齊全 值得 推薦 家 民宿 cp值 高
0.0,人 房 不錯 附 泡麵 餅乾 飲料 開水池 坑 早餐 老闆娘 做 燒餅 不錯 吃
0.0,分 錢 分 貨 服務 品質 房間 設施 符合 飯店 價錢 品質
0.0,CP 值 高 值得 推薦 住宿 礁溪 溫泉 會館
0.0,星期六 台南 行程 吃完 早餐 走去
1.0,吃完 走去 烏鬼井 回 民宿 退房
0.0,需要 熱水 公共區 飲水機 浴室 使用 開心
0.0,住宿費 高 P 值 高 間 旅館
0.0,老闆娘 服務 親切 誠懇 詢問 房間 相關 問題 清楚 服務 周到 好 民宿
0.0,買 咖啡 蓋子 蓋好 交給 客人 害 在 車 咖啡 灑滿 車
0.0,乾淨 明亮 出差 住宿 感覺 回到 家 舒適
1.0,地點 好 找 停車 方便 住宿 房間 乾淨 衛生 服務 人員 親切 值得 推薦 住宿 飯店
0.0,服務 好 早餐 部分 沙拉區 熟食區 麵包區 稀飯區 燙 切仔麵
1.0,距離 安平 古蹟 景點 最近 飯店 高貴 貴 家 住 面河 景觀 房
0.0,不錯 環境 室 佈置 特別 二樓 泡茶 菜色 ok 食材 新鮮 推 師傅 做 手捲
0.0,甜點 秋冬 季節 螃蟹 火鍋 湯頭 鮮美 推薦 秋 冬 季節 火鍋
0.0,在 宜蘭 眾多 無 菜單 料理 中 餐點 在 水準 之上 價格 算 合理 店 庭院 用餐 環境 佳
0.0,老闆 幫忙 訂 行程 熱切 告訴 欣賞 煙火 位置 停車 地點 專業
1.0,離 沙灘 機場 方便 老闆 親切 房間 簡單 乾淨 舒適 價錢 便宜
0.0,回到 澎湖 家 體會 慢活
1.0,館 通往 新館 通道 濃厚 怪味 房間 好 早餐 餐廳 視野 不錯
0.0,新館 舒適 價格 家庭房 人 小孩 說 算 浴缸 小朋友 泡澡 玩水
1.0,地點 優良 飯店 停車場 優勢 風景 好
0.0,房間 空間 環境 舒適 老闆 老闆娘 人 不錯 健談
0.0,噪音 提供 停車位 在 民宿 騎樓 老闆娘 熱情 指揮 停車
0.0,特別 注意 環保 旅館 提供 毛巾 浴巾 牙刷 需要 自備 電梯
0.0,三樓 人 房 頂樓 加蓋 想 花 錢 入住 間 房間
0.0,環境 空間 舒適 渡假 好 地方 些 設備 舊 泳池 讚
0.0,人 包 棟 好好玩 泳池 桌球 撞球 麻將 唱歌 烤 肉 池 廚房
0.0,旅館 香港 行銷 團隊 經營 旅館 服務 周到 房間 空間 舒適 設備 新穎 裝潢 高雅
0.0,包廂 桌菜 採 預約制 9900 起跳 調整 菜色 重慶 水煮 牛 鵝肝 乳豬 好吃
1.0,夜晚 酒吧 點 杯 調酒 坐 在 天台 賞 夜景 浪漫 下 次 高雄 住 家 飯店
0.0,大門 電子 門禁 房間 門 普通 鎖
0.0,整體 環境 不錯 設備 算 新穎 住在 四樓 小小 電梯
0.0,房況 差 門鎖 壞 修好 被子 單薄 舊 網路 騙
0.0,老闆娘 親切 對待 住宿 客人 好
0.0,新 房子 設備 新 老闆 親切
0.0,澎湖 設施 棒 民宿 姐姐 親切 澎湖 第一 首選
0.0,棒 住宿 體驗 值 高 空間 乾淨 整潔 床 舒服 一樓 餐點 營養 好吃
1.0,設備 新 早餐 好吃 人 房 偏 小 離 市區 老街
1.0,房間 標準 咖啡 好喝 地點 方便
0.0,氣氛 好 房間 小 隔音 差 浴室 狹小 方便
1.0,木屋 叢叢 果樹 間 耒 渡假 季 採 水果樂
1.0,神秘 地方 地處 偏遠 老闆娘 人 親切 遠離 塵囂 親近 大自然
0.0,巴里島 風格 裝潢 寬敞 泡湯 空間 可惜 停車場 夜晚 清晨 房間 溫度 偏低
0.0,空間 舒適 室 湯池 適合 小朋友 家庭 早餐 口味 鹹淡 適中 偏 算 不錯
0.0,櫃檯 餐廳 工作 人員 服務 周到 設施 棒
0.0,熱心 重機 車友 房間 乾淨 房 前 空地 烤 肉 聚餐
1.0,環境 好 吵雜 對面 學校 公園 價格 公道
0.0,舒服 空氣 佳 老闆人 好 附近 鄰居 親切 早餐店 阿姨 可愛
1.0,棒 海邊 小屋 棒 小 管家 棒 環境 氛圍 棒 睡眠 品質 棒 創作 地點
1.0,旁邊 全家 便利商店 晚上 找 食物 飲料 方便
0.0,吵 房 保險箱 晾 毛巾架 方便 小 廚房 交誼廳
1.0,宜蘭 羅東 過夜 家 首選 離 夜市 停車 方便 環境 舒適 老闆娘 親切
0.0,佩佩 豬 溜滑梯 房型 豐富 玩具 佈置 小 女兒 驚嘆
1.0,房間 乾淨 口愛 適合 小朋友 離 夜市 超級 逛街 吃 美食 一點 累
1.0,貼心 服務 棒 飯店 地點 文化 夜市 嘉義 朋友 推薦 家 飯店
0.0,擁有 好吃 早餐 明亮 大廳 便利 提供 自行車 服務 房間 缺少 椅子 桌子 建議 增加
0.0,地下室 提供 收費 300 晚 平面 停車位 一樓 汽車 搭 電梯 下去
1.0,飯店 新 位置 滿分 房間 木頭 傢俱 裝潢 淡淡 木頭 香 窗戶 旁邊 座位 讚
1.0,近距離 體驗 台中 多元 文化 越南 料理 好吃 小店 走路 推薦
0.0,老闆 用心 環境 乾淨 寵物 有善 旅館 高
0.0,進 房 滅 六七 隻 蜘蛛 隻 小強 房間 訊號 wifi
0.0,老闆人 好 貓咪 可愛 超 親人 重點 價格 便宜 CP值 高 推 推推
0.0,房間 堜啡 茶包 飲料 礦泉水 可惜 餐廳 享用 熱熱 早餐 外 送 早餐
0.0,親子房 和室 浴室 浴缸 乾 濕 分離 適合 攜帶 孩子 家庭
0.0,價格 親民 設施 老舊 感覺 不錯 門口 送 冬瓜 青茶 杯
0.0,酒店 房間 空間 設備 新穎 裡面 乾淨 浴室 浴缸 適合 放鬆 心情
0.0,人 房 適合 親子 房間 陽台 老闆 人 好 電鍋 加熱 寶寶 副食品
1.0,環境 乾淨 舒適 窗 外 看到 龜山島 風景 美
0.0,熱心 堆 美食 介紹給 棒 貼心 民宿
1.0,老闆 熱情 管家 服務 好 房間 舒適 露天 浴池 配上 無敵 山景
0.0,房型 閣樓 說 網站 照片 落差 房價 2500 成 正比
1.0,泡湯池 景觀 天氣 好 時 看到 龜山島
0.0,空調 室內机 漏水 房間 乾淨
0.0,飯店 踏踏 米房 效果 好 溫泉池 泡 舒服
1.0,視野 好 觀星 不錯 價格 親民 設施 普通 山 下 新 民宿
0.0,歷史 悠久 溫泉 泡完 湯 坐 露天 位置 放空 三五 好友 聊天 泡茶 特別 溫泉
0.0,網路 訂房 雙人 加大房 2160 含 早餐 CP 值 棒
1.0,房間 採光 佳 老闆 人 好 周圍 環境 寧靜 離 市區 不遠 附近 公益路 美食
1.0,員工 親切 價位 尚可 浴室 設備 舊 算 整潔 地點 不錯 附近 公車站
0.0,全新 民宿 老闆 老闆娘 人 棒 房間 空間 多樣化 早餐 豐盛
0.0,適合 旅遊 渡假 年輕 朋友 烤 肉 聯誼 家族 團聚 老人 小孩 皆大歡喜 豐富 養生 早餐
1.0,家 位置 離 梅花湖 騎 腳踏車 民宿 提供 好 騎 車子 前往
1.0,房間 舒適性 價比 高 服務 好 離 逢甲 商圈 物超所值
0.0,床 髒髒 枕頭 頭髮 感覺 清理 種 過敏 好 訪
0.0,進 屋 煙味 棉被 煙味 樓上 洗衣 滴水 冷氣 吵到 醒來
0.0,房間 主題 裝潢 擺設 親子房 溜滑梯 車子 造型 療癒
0.0,人 房 整潔 乾淨 提供 嬰兒 澡盆 電梯 服務 親切 早餐 好
0.0,cp值 高 家 民宿 雙人房 空間 寬敞 浴室 乾 濕 分離 推推
0.0,麻將桌 KTV 電視 設備 新 適合 包 棟 房客 使用
0.0,環境 新 乾淨 一樓 兒童 遊樂區 開放 廚房 電視
0.0,花蓮 遊 推薦 東 旅 民宿 老闆娘 婆婆 服務 周到 一級棒
0.0,環境 優美 適合 放鬆 房東人 nice
0.0,透天 裡 小 套房 下雨車 停 室
0.0,溫馨 小 地方 好 停車 舒適
1.0,溫泉 不錯 點心 棒 附近 泰雅 文化 棒 老街 後面 山豬肉 香腸 讚 排隊
1.0,價錢 公道 老闆 老闆娘 全 家 大小 親切 風景 優美
0.0,高 裝潢 簡單 環境 乾淨 花費 停車 算 方便 泡 溫泉 地方
0.0,噪音 住宿 雙人房 位於 一樓 內側 聽 馬路 車聲 行李 空間 O
0.0,第一 房間 前 位 客人 遺留物 想 房 電話 客服 反應 電話 通 下樓
1.0,車站 西 桃園 機場 如同 名 適合 旅人 飯店
0.0,傳統 80年 建築 熱情 老闆 特色 傳統 早餐 推薦
0.0,老闆 熱情 免費 招待 手作 豆花
0.0,房間 溫馨 老闆 煮 特色餐 好吃
1.0,房間 風景 好 整體 服務 棒 早餐 選擇 較少 品質 好 冷氣 冷
0.0,屋主 別出心裁 用心 設計 環境 優美 溫馨 氣氛 溫暖 旅人 心
0.0,裝潢 棒 房子 新 老闆 親切 高
1.0,老闆 親切 房間 風景 優美 小 陽台 喜歡
1.0,老闆 親切 愛心 收養 隻 貓咪 親人 素食 早餐 好吃 房間 日出
1.0,車子 難 上山 景色 美不勝收 值得 人 整 心靈 放鬆 好 地方 老闆 人 好 好客
0.0,人 房 房間 空間 視野 遼闊 戶外 氣溫 低
0.0,服務 超棒 老闆 老闆娘 客人 家人 照顧 住 裕園 洋樓 民宿
0.0,吃 小 餅乾 喝 飲料 吃 水果 房間 乾淨 舒適 推薦
0.0,洋樓 建築 室 環境 舒適 咖啡 無限 暢飲
0.0,房間 礦泉水 前 位 客人 換掉 續冰 在 冰箱 中
0.0,東西 老舊 昨天 在 水世界 遇到 間 浴缸 壞 暖氣 壞 ktv 雜音
0.0,晚班 女 櫃台 人員 態度 不佳 顧客 詢問 時 直接 掛 電話
0.0,民宿 主人 熱情 介紹 當地 行程 房間 乾淨 整齊 停車位 找 位置 宿舍 環境 幽靜
0.0,謝謝 老闆娘 招待 遠 台中 台東 玩 家 口 感受 在地 熱情 溫暖
0.0,舒適 浴室 空間 乾 濕 分離 適合 團體 家庭
1.0,六樓 直達 大廳 需要 大包 小包 隔壁 棟 繞過來 景觀 好 早餐 品質 中下
1.0,風景 不錯 鄰近 百貨 交通 便利 機械 停車場 位置 小 高度 低 大車 好 停
1.0,住宿 方面 棒 樓下 便利商店 方便 第六 市場 在 棟 下樓 逛街
0.0,大哥 人 超 好 民宿 佈置 用心 溫暖 詳盡 解說 事項 早餐 令 人 驚豔 機會
1.0,房間 寬敞 外面 陽臺 吊椅 風景 美 人 放鬆 心情
1.0,老闆 手作 食物 美味 房子 乾淨 可愛 海 棒 享受
0.0,在 Agoda 訂房網 找到 家 東港 海豚 城堡 民宿 房間 ㄚ
0.0,推薦 家 裡 小孩 毛 小孩 爸媽 寶貝 住宿
0.0,服務 人員 親切 熱心 老婆 懷孕 幫 安排 走 樓梯 乾 濕 分離 房型 謝謝
1.0,環境 舒適 乾淨 高 在 交流道 附近 週邊 好吃 碗粿 下 次 在 回訪
0.0,老闆 一家人 動物 友善 庭園 狗狗 好好 睡 覺 房間 乾淨 舒適 棒
0.0,cp值 高 熱水 熱 廁所 間 老闆 人 親切 廢話 提供 建議 實在
0.0,房間 乾淨 樓層 穿透力 強 住 三樓 清楚 聽到 四樓 方便 聲音
0.0,適合 家族 旅遊 住宿 親子房 玩具 小孩 玩 開心 老闆娘 親切 熱心 推 推 推
0.0,不錯 民宿 復古 風格 清潔 街生 方便 供應 早餐 羅東 值得 推薦 好 所在
1.0,環境 舒適 交通 方便 民宿 老闆 親切 問 問題 回覆 速度
0.0,價格 適中 老闆 個性 隨和 耳傳 生態 星星 故事 遊客 中心 大姊 介紹
0.0,住 二館 房間 設備 新 舒適 衛浴 先生 在意 乾 濕 分離
0.0,記得 參加 活動 付錢 團體 對待 散客 學生 拍攝 覺得 敷衍
0.0,闆娘 漂亮 氣質 房間 乾淨 舒適 午後 悠閒 時光 杯 咖啡吧
0.0,進 大門 屋 溫馨 闆娘 和藹可親 人 美 心 美 價格 合理 早餐 好吃 超棒 喜歡
0.0,老闆娘 老闆 好 親切 房間 乾淨 便宜 碗 適合 一品 城堡 度假
1.0,場地 清靜 優美 山 水 園區 小孩 大人 騎 單車 安全 適合 全 家 大小 居住
0.0,值得 推薦 民宿 造景 用心 早餐 年紀 人 喜歡
1.0,景觀 棒 住宿 空間 典雅
0.0,早餐 家 中 假日 附近 早餐店 買 三明治 漢堡 紅茶 豆漿
0.0,改善 總體 說 推薦 間 民宿 小孩子 旅客
0.0,小孩 適合 歲 以下 小孩 危險
0.0,民宿 代訂 澎島 星 燒烤 現場 便宜 30 確幸 不錯 好吃 牡蠣
1.0,老闆娘 人 好 環境 乾淨 風景 漂亮 住宿 便宜 老闆娘 幫 申請 旅遊 補助 大推
1.0,家 感覺 照片 室 陽台 看出 景觀
1.0,服務 親切 房間 景色 棒 樓中樓 房型 早餐 菜 好吃
0.0,女 主人 親切 熱心 介紹 周圍 景點 交通 路線 民宿 環境 美麗
0.0,簡單 早餐 提供 稀飯 高麗菜 肉鬆 花生醬 菜 菜脯 蛋 熱 奶茶
0.0,老闆 人 好 房間 環境 乾淨 舒適 問題 熱心 幫忙 解答 整體 說 滿意
0.0,優點 物 超所值 空間 整潔 浴室 水壓 適中 缺點 床 非 獨立筒
0.0,新 乾淨 老闆 親切 平價 衝 老闆 歡迎 毛小孩 下 回 花蓮 首
0.0,甜點 飲料 挑剔 今日 點 薰衣草 奶茶 黑糖 漂浮 拿鐵 蘋果 酥 酥 蜂蜜 丹麥
0.0,單品 棒 喝 冰 咖啡 淡 店 座位 算 舒適 適合 久坐
0.0,房子 氣氛 佳 擺設 好看 位子 甜點 飲料 不錯 包廂 裡面 棒 安靜 好
1.0,園區 廣大 建築 舊 房間 棉被 枕頭 浴室 乾淨 餐廳 泡湯區 離 住宿區 段 距離
1.0,友善 背包客 地點 風景 優美 服務 人員 親切 好 渡假 好 地方
0.0,服務 O 成功村 設備 問題 園區 露營 設施 維護
0.0,茶 好 老闆 老闆娘 好客 健談 想 試 囉嗦 泡 白茶 蜜香 特別
0.0,專業 茶 柚子 農場 請
0.0,回歸線 時 錯過 店家 好喝 蜜香 紅茶
0.0,地點 方便 房間 廁所 浴室 乾淨 整潔 提供 小 廚房 簡單 牛奶 吐司 早餐 棒
0.0,櫃檯 小姐 友善 細心 介紹 周圍 小吃 環境 好 咖啡廳 蛋糕 咖啡 好吃
0.0,大門 在 櫃檯 量 體溫 照片 小幫手 提供 租借 腳踏車 服務
0.0,房間 乾淨 空間 早餐 足量 衛生 人員 親切 夜 N 寢時 持續 低頻 噪音 影響 睡眠
0.0,爸爸 媽媽 逛 當地 北晨 市場 旅行團 行程 裡面 買 東西
1.0,乾淨 舒適 冷氣 強 早餐 豐富 服務 好 靠近 海 堤防 落日 夕陽 好 風景
0.0,相關 飯店 設施 餐廳 洗衣間 健身房 提供 住宿 地方
0.0,床 浴室 浴缸 算 乾淨 入住 人 房 明亮 附 早餐 服務元 親切
1.0,位於 市中心 交通 方便 購物 用餐 方便 服務 人員 親切 房間 靜謐 乾淨
1.0,溫馨 房子 喜歡 裝潢 感覺 值得 住 離 老街
0.0,不值 房價 房間 簡陋 不行 熱水器 洗 一半 水
0.0,老闆娘 藝術家 好客 民宿 棟 充滿 藝術 氣息
1.0,房間 乾淨 舒服 熱情 小 管家 客人 朋友 在 照顧 周邊 美食 台南 住宿 首選
0.0,裝潢 服務 丸子 貝果 超出 五星級 美好 回憶 感受到 滿滿 青旅 溫暖
1.0,鄰近 成功路 西門路 交通 方便 自由 使用 旅店 家 感覺 附近 兩 家 超棒 酒吧 爽
1.0,距離 小 瑞士 國民 賓館 地點 方便 老闆 服務 親切 房間 舊 算 舒適
0.0,價格 便宜 冷氣 電風 老闆 健談 老闆娘 早餐 白煮蛋 吐司
0.0,差 隔壁 打呼聲 聽 套房 浴室 熱水 共用 浴室 水 冷 熱 超扯
1.0,地點 絕佳 房間 空間 早餐 選項 商務 旅館 茶 選項 選擇
0.0,差 木頭 地板 人 聲音 廁所 衛浴 設備 人 水聲
0.0,房間 不錯 浴室 浴缸 黃黃 門 破損 差 冰箱 完美 服務 態度 不錯
0.0,房子 空間 小 電視 老舊型 空調 有點 問題 溫度 調整 後 冷
0.0,便利 親切 大廳 後面 餐廳 提供 料理 意外 好吃 在 種 地方 吃到 新鮮貨
0.0,日本 客人 住 理 這裡 服務 人員 日文
1.0,庭園 番 風味 環境 清悠 適合 放鬆 自在 度假 好 地方
1.0,房間 看出去 面對 基隆山 風景 優美 房間 設施 完備 一樓 SPA 池 交誼廳 超讚
0.0,早餐 豐盛 九宮格 種 菜餚 魚 肉 蛋 菇 青菜 飲料 鮮奶 咖啡 果汁
1.0,風景 秀麗 環境 清幽 鄰近 車站 金瓜石 博物館 情侶 家庭 適合
0.0,相似 日本 小店 氛圍 溫馨 放鬆 店 裡 提供 咖啡 提供 茶品 手工 甜點
0.0,店員 親切 友善 詳細 介紹 今日 蛋糕 種類 口感 蛋糕 茶類 棒
0.0,今日 選擇 水果 鬆餅 水果 森林茶 實際 名字 忘記 說 好吃 推薦
0.0,草地 露營區 沙坑 民宿 外借 小 遊戲 整 適合 親子 住宿 入 民宿 口袋 名單
0.0,環境 明亮 整潔 服務 態度 友善 餐點 口味 份量 誠意 十足 遛 小孩 好 地方 值得 訪
0.0,環境 乾淨 場地 寬廣 房間 小 細節 用心 適合 小朋友 機會
0.0,服務 人員 友善 協助 房 介紹 館 設施 地下室 一樓 提供 免費 遊樂 設施
0.0,酒店 想像 好 餐廳 排餐 好吃 餐廳 茶水 巴黎 有趣 名字 推薦
1.0,宜蘭市 住宿 首選 環境 好 服務 好 交通 方便 旁 戶外 停車場 旁邊 夜市
0.0,房間 泡湯池 棒
0.0,旅社級 住宿 環境 整體 算 乾淨 司機 寄舖
0.0,老闆 家人 熱情 招待 問 答 解決 問題 謝謝 老闆
1.0,民宿 裝潢 質感 簡單 俐落 四樓 夜景 優美 老闆 闆娘 親切 台中 住宿 好 選擇
0.0,新開幕 裝潢 特色 頂樓 間 獨立 浪漫 玻璃屋 喜歡
0.0,華儀 恆春 住 民宿
0.0,房間 乾淨 床 舒服 適合 整 天 出門
0.0,房間 小 日本 搬 住家 房間 浴室 木板 磁磚 回 媽媽 家 感覺
0.0,旅館 小 美 服務 好 停車 方便
1.0,地理 位置 在 捷運 民權西路站 中山 國小 站 中間
0.0,迎賓 飲料 早餐 送到 房間 附近 接送 服務 良好 推薦
0.0,民宿 乾淨 舒適 設備 新穎 停車 方便 提供 墾丁 大街 接駁 老闆 親切 下 次
0.0,老闆娘 親戚 房間 裝潢 質感
1.0,素食 套餐 晚餐 風景 空氣 好 出國 台灣 美
0.0,環境 清幽 適合 渡假 餐食 價格 高 菜色
1.0,空氣 好 風景 秀麗 步道 好 走 好 逛
1.0,屋主 夫妻 親切 貼心 房間 乾淨 附近 環境 清幽 靠近 海邊 晚上 星星 害 推
0.0,素食 餐點 馬乎 讚 待客 親切 房 內外 清潔 乾淨 桌遊 供 玩樂
0.0,感謝 老闆 老闆娘 用心 難忘 住宿 體驗 之後 機會 家人 朋友 玩
0.0,管家 做 早餐 好吃 管家 親切 房間 新 乾淨 床 軟 好 裝潢 用心
0.0,壁畫 好拍 合法 民宿 頂樓 希臘風 瞬間 飛到 地中海 想 杯 檸檬汁 曬曬太陽
1.0,西子灣 海灣 景點 供 飯 後 休閒 高雄 住宿 選擇
1.0,位置 適中 交通 便利 房間 乾淨 老闆 一家人 熱心 推薦 美味 小吃 好玩 景點
0.0,床 好 睡 東西 棒 浴室 美 冰箱 飲水機
1.0,花蓮市 遠東 百貨 愛買 超市 旁邊 交通 方便 四樓 民宿 電梯
0.0,特色 咖啡廳 民宿 老闆 人 好
0.0,乾淨 房間 專業級 烤箱 烤 披薩 請 客人 可惜 人 入住 無 口福
0.0,體驗 生活 超棒 民宿 歡迎 國 朋友 光臨
0.0,外表 裡面 房間 乾淨 漂亮 老闆娘 人 好
0.0,簡單 乾淨 環境 方便 電梯 安靜 空間 交誼廳 舒適 簡約 人 放鬆 心情 地方
1.0,香蕉 春天 櫻花 蘋果花 賞 離 車站 不遠 老闆 開車 接送
0.0,次 客人 退房 老闆娘 認真 晒 枕頭 注重 衛生
1.0,清優 好 停車 風景 好 食物 全 家 家族 聚會 好 地點 小朋友 空間 戲耍
0.0,游泳池 三溫暖 室 冷氣 兒童 遊戲區 溜滑梯 滑 盪鞦韆 棒
0.0,幕 門 裡面 梳子 水 椅子 low 說到 早餐 民宿 low
1.0,地點 靠近 高雄 車站 捷運 生活 功能 極好 房間 舒適 接待 人員 態度 良好 親切
1.0,交通 方便 房間 乾淨 整齊 六合 夜市 美麗島站 走路
0.0,201 號 房 住宿 環境 漂亮 乾淨 舒適 浴室 設備 棒 早餐 三明治 豆漿 水果
0.0,區域 冰箱 微波爐 碗盤 餐具 供 使用 少許 泡麵 餅乾 購買
0.0,佈置 藝術感 房間 格局 方正 室 空間 老闆 夫妻 用心 經營
1.0,方便 些 地點 摸索
0.0,半夜 敲敲打打 房間 乾淨
0.0,房間 乾淨 服務 親切 茶點 不錯 吃 老闆娘 畫工
0.0,閩南 建築 老板 莊 先生 平易近人 住起來 家 感覺
0.0,民宿 主人 好 遇到 交付 房費 放心 寄給 熟識 鄰居
0.0,房間 大有 溜滑梯 孩子 玩 美中不足 浴室 浴缸
0.0,客廳 早餐 ktv 爛 環境 不錯 停車 方便
0.0,空間 寬敞 舒適 烤 肉 沙坑 小 泳池 小孩 玩
0.0,民宿 外觀 美 內部 房間 新 乾淨 早餐 粥 棒
0.0,環境 舒適 管家 服務 貼心 度假 放鬆 好 地方 下來 金門
0.0,舒適 空間 床 睡 老公 小孩 喜歡
0.0,高級 市 設計 房間 乾淨 市 空間 寬敞 停車位 電梯 洗衣機 方便
1.0,房間 乾淨 舒適 景觀 幽靜 窗 外 好 風景 好天氣 夕陽 美
1.0,不錯 小木屋 老闆 親切 前面 沙灘 小孩 寄居蟹
0.0,民宿 房間 非 木屋 環境 清潔 加強 收費 高
0.0,房間 棒 東西 齊全 烤 肉 設備 老闆 人 超讚
0.0,讚 民宿 老闆 熱情 值得 推薦 民宿
0.0,老闆 親切 烤肉爐 民宿 乾淨 漂亮
1.0,餐廳 菜色 好 服務 佳 風景 優美 人員 熱情 飯店 裝潢 美崙美奐 棒 渡假 地點
1.0,景觀 優美 服務 親切 衛浴 無 乾 濕 分離 提供 小 點心 單薄 餐點 星 收費 星 感受
0.0,整體 服務 住宿 品質 優 早餐 晚餐 咖啡機 西餐廳 咖啡 改進 空間
0.0,早餐 好吃 接待 服務 人員 親切 房間 不錯
0.0,櫃檯 早班 男 服務員 東南亞 外籍生 臉 有夠 直接 擺 歪 嘴 嘲笑
1.0,方便 新 大樓 下 吃 鹽酥雞 雞排
1.0,房間 空間 想像 中 寬敞 地理 位置 方便 高 CP值 住宿 地點
0.0,早餐 愛 炒米粉 配上 肉燥 海帶 油豆腐 超對味 服務 人員 態度 親切
0.0,房價 寬敞 門 好 浴室 水管 聲音
0.0,老闆娘 親切 客廳 點心 茶包 咖啡 供 住客 取用 房間 乾淨 明亮 裝飾 擺設 雅緻
1.0,老闆娘 人 親切 附 早餐 旁邊 停車場 附近 商場 夜市 晚上 逛逛
0.0,環境 舒服 民宿 老闆 客氣 客廳 免費 茶 咖啡 享用 價格 高
0.0,免費 飲料 泡麵 餅乾 咖啡 奶茶 手機 充電線 貼心 服務
1.0,交通 地點 便利性 分 整體 環境 分 客房 住宿 品質 分 煙味 隔音 性價比
0.0,睡眠 品質 好 枕頭 硬 心區 不錯 總體 說 好
0.0,想 玩 吃 老闆 幫 介紹 民宿 舒適 12 館 棒 值得 間 民宿
0.0,熱情 老闆 老闆娘 次 旅行 玩 開心 烤 肉 技術 一流
0.0,村長 家 民宿 環境 優美 服務
0.0,早餐 普普 房間 好 洗澡 水溫 ok 工業風 特別 櫃台 服務 良好
1.0,距離 文化路 夜市 走 10 分鐘 鄰近 間 滷味 雞排 不錯
0.0,沾 灰塵 00 詢問 周邊 小吃 景點 服務台 親切 意見
0.0,飯店 cp值 普普 櫃檯 人員 親切 專業 送 小孩子 燈籠 棒 下 次 玩
1.0,豪華 商務 飯店 浴缸 旁邊 整 面 落地窗 看到 塞車 夜景 超炫 大樓 燈光秀
0.0,房間 整體 感覺 舒適 空間 貼心 小 設計 掛 衣服 地方
0.0,房間 衛浴 設備 乾淨 舒服 謝謝 老闆 老闆娘
0.0,環境 乾淨 整潔 老闆娘 人 親切 人 好 值得 家 質感 民宿
1.0,房間 乾淨 離 羅東 夜市 算 騎車 一下
0.0,老闆 親切 提供 許多 推薦 景點 感覺出來 用心 宜蘭 民宿
0.0,適合 渡假 休閒 住所 溫馨 溫度 家
0.0,室 設計 不錯 背包客房 空間 夠 棒 價錢 狠 實在
1.0,不錯 住宿 地點 距離 夜市 一樓 販賣 一些 飲品
0.0,棒 環境 早餐 美味 手沖 咖啡 好喝 謝謝 民宿 主人
1.0,房間 舒適 鄰近 市區 民宿 後面 遠眺 廈門 夜景
0.0,第一 次 金門 工作 兼 旅行 老闆 給予 行程 建議
1.0,棒 民宿 空間 舒適 方便 好吃 地方 早餐
0.0,迷路 接 服務 超好 房間 乾淨 值 高 幫 代購 船票
0.0,乾淨 舒服 住 人 房 老闆娘 直接 睡 人 房 空間
1.0,平價 住宿 地方 寬敞 鄰近 鬧區
0.0,住 小木屋 區 新 床 房間 環境 舒服 飯店區 同事 嫌 不行
0.0,風景 溫泉 現場 演奏 棒 餐廳 服務 不行
0.0,晚餐 套餐 人 550 冷菜 難吃 菜色 便當 無言 說 經營 團隊 上心
0.0,民宿 前 片 菜園 栽植 式 香草 生菜 水果 沙拉 配菜 食用花 金蓮花 爬
0.0,次 住 樓中樓 人 房 陽台 漂亮 隨便 拍 隨便 美 房間 音響 音質 棒
0.0,藍牙 連接 手機 晚餐 部分 空中 花園 民宿 合作 派 車 接送餐 特別 值得 試
1.0,環境 視野 好 用餐 服務 好 房間 設備 好 櫃台 服務 親切
0.0,舒適 放鬆 地方 家庭房 空間 湯屋 舒服
0.0,房間 溫泉 不錯 場地 寬敞 飯菜 不錯 份量 充足 鱘龍魚 帶土味 美
0.0,房務 人員 耐性 客氣 棒 旅店 房間 設計 特色
1.0,距離 墾丁 大街 吵 裝潢 可愛 浴缸 造型 特殊 深受 孩子 喜歡
0.0,房間 風格 特別 浴室 木頭 門 吵麻煩 老闆 潤滑油
0.0,品質 好 背包 客房 浴廁 乾濕 提供 洗衣機 拖鞋 吹風機 上鎖 櫃子 冷氣
0.0,老闆 人 好 床 被子 枕頭 舒服 溫柔
0.0,老闆 親切 環境 整潔 適合 放鬆 交朋友 背包 客棧
0.0,老闆 老闆娘 人 好 晚餐 好吃 早餐 豆漿 米漿 老闆 早上 磨 營養
1.0,熱忱 待客 陳 老師 賢伉儷 客人 賓至如歸 130 線上 環境 美 牛奶 森林
1.0,下 雲霧 繚繞 雲海 翻騰 台灣 少有 低海拔 觀賞 雲海 絕佳 地點
1.0,房間 舒適 老闆 親切 價格 品質 好 附近 夜市 觀光 景點 方便
1.0,離 燈會 位置 在 小 巷子 裡面 室 裝潢 不錯 服務 態度 良好
1.0,環境 不錯 老闆 人 好 地點 不錯 早點 湯 飯 不錯 吃 值得 推薦 民宿
0.0,設施 設備 服務 人員 態度 房間 整潔 餐廳 菜色 達 水準 飯店
0.0,服務 好 晚餐 早餐 冰箱 飲料 烤 布丁 錢 溫泉 讚 會館
0.0,客房 電梯 小 兩 大人 嬰兒 推車 小 行李箱 空間
0.0,房間 清潔 一點 差 附 早餐 老闆娘 服務 親切
0.0,民宿 品質 優良 冰箱 冷氣 衛浴 不錯
0.0,舒服 乾淨 老闆娘 人 好 棒棒
0.0,居家 民宿 雅房 收費 便宜 適合 想 省錢 遊客
1.0,風景 不錯 淋浴 設備 不良 水壓 不足 熱水
1.0,親切 房東 奶奶 喜歡 這裡 環境 山 海 景色
0.0,用料 豐富 氣泡 果汁 醬 燒 豬肉鍋 燒麵 冰淇淋 水果 用心 準備 服務 態度 棒
0.0,甜點 蛋糕 包括 綠茶 巧克力 覆盆莓 蛋糕 鈾 香 鐵觀音 茶凍 栗子 南瓜塔
0.0,麵 選好 配料 後 交由 服務 人員 現場 料理 後 送達 顧客 桌 值得 推薦
0.0,年 找 老闆 服務 親切 浮潛 住宿 烤 肉 找 老闆
1.0,住 天 感謝 升等 人 房 陽台 景觀 視野 佳
0.0,老闆 人 超帥 環境 舒服
1.0,喜歡 在 後面 山坡 地方 拍 夜景 試試 房間 普通 空調 提供 早餐 晚餐
1.0,視野 遼闊 老闆 待人 親切 超收 廁所 清潔 車 泊 露營 場地 有限 預約 早
1.0,風景 好 服務 親切 人 套餐 700 元 優 建議 人 在 點 2500 桌 菜 划算
0.0,便宜 隔音 差 房間 煙味 感覺 棉被 乾淨 房間 跳蚤 癢
0.0,平價 簡單 休息 地方 特別 住宿 選擇 早餐 自助餐 午餐
0.0,爛死 網路 爛 環境 噪音
1.0,空氣 好 夕陽西下 美 老闆娘 親切 休閒 放鬆 好 地方
0.0,雅致 幽靜 庭院 環境 房間 佈置 樸實 空間 舒適 愉快 休息 夜
0.0,臺灣 旗山 川雅居 渡假 民宿 處 身 心靈 放鬆 沈澱 樂活 好 地方
1.0,臨近 松菸 文創 地點 佳 住房 旅館 停車 方便 週邊 美食 小吃 推薦
1.0,交通 方便 在 捷運站 旁邊 房間 乾淨 雙人床 呎 呎 算 房間 空間
1.0,酒店 地理 位置 好 員工 服務 熱誠 酒店 設施 陳舊
1.0,乾淨 舒適 床鋪 好好 睡 老闆 夫妻 熱情 親切 晚上 星星 適合 放鬆 渡假
0.0,下 次 台東 知本 選擇 入住
0.0,房間 設施 新穎 裝潢 簡潔 衛浴 廁所 間 乾淨 淋浴 水流 熱水 熱 舒服
0.0,停車 付費 開 後面 停車場 走回 旅店 早餐 採 三明治
1.0,房間 浴室 寬敞 乾淨 地點 方便 沐浴 用品 好用 吹風機 燒 頭髮 CP值 不錯
1.0,精品 商務 旅館 旅人 家 充滿 心意 設計 地方 港墘 文德 捷運站 中間 交通 方便
0.0,新開幕 房型 空間 床 枕 棉被 好 睡 早餐吧 簡潔 熟食 種類 少
0.0,棒 住宿 房間 裡 浴室 格局 讚 吹風機 好用 裝潢 美
1.0,服務 人情味 在 房間 直接 看到 海景 早餐 豐富 位置 離 海洋 公園
0.0,乾 濕 分離 吹風機 陽春 長 頭髮 女生 建議 吹風機
0.0,老闆娘 客氣 健談 房間 大早餐 豐盛 兩 人 房 廁所 排風 設備 理想
1.0,親子 設施 不錯 附近 景點 令 人 放鬆 環境
0.0,房子 美 整 空間 舒服 全 家 住 開心 服務 好 推 推 推
1.0,空氣 清新 景色 宜人 遠離 城市 喧囂 享受 大自然 寧靜 適合 放鬆 度假
1.0,偏遠 環境 清幽 房間 設備 齊全 早餐 民宿 說 豐富
1.0,三樓 人 房 獨立 客廳 風景 好 早餐 早餐籃 裝 提回 房 享用
0.0,輕鬆 自在 老闆 客氣 環境 乾淨 地中海 希臘 風格
0.0,洗衣機 一樓 專區 介紹 基隆 文化 品牌 產品 得到 在地 資訊
0.0,使用 共享 廚房 製作 簡單 早餐 晚餐 防疫 期間 外帶 夜市 美食 外送 旅店 享用
0.0,室 環境 充滿 設計感 牆面 藝術家 畫作 展出 置身 藝廊
1.0,老闆 親切 老闆娘 手作 早餐 好吃 設施 環境 清潔 距 羅東 夜市 10 分鐘
0.0,環境 乾淨 整潔 床 睡起來 舒服 浴室 乾 濕 分離 超級 棒 整體 高
0.0,建議 行動 不便 人 前往 住宿 民宿 樓 房間 無 電梯
0.0,價格 親民 公道 房間 乾淨 兩 人 人 房 適合 親子 家庭 旅遊 老闆 阿莎力
0.0,人 房 舒適 空間 一樓 飲水機 冰箱 方便
0.0,房間 隔音 差 房間 掛 衣服 衣架 服務 好 小 幫手 熱心
1.0,墾丁 美 民宿 房間 美 主人 美 管家 美 風景 美 找 缺點
0.0,泳池 周邊 人潮 少 建築 些 希臘 風格
0.0,感受到 老闆 用心 細節 旅店 推薦 想 渡假 人
0.0,房間 空間 沐浴 用品 份量 不足 早餐 美味 氣氛 好 旅店 溜滑梯 好玩
1.0,晚上 夜景 漂亮 餐廳 晚餐 自費 蔬食 火鍋 肉 量 吃 完
0.0,特色 民宿 裡面 家具 物品 民宿 主人 製作
0.0,房間 乾淨 整潔 老闆娘 待人 親切 棉被 暖和 床 舒服 睡 好 放鬆 地方
0.0,環境 清幽 品味 放鬆 身 心靈 地方 民宿 女 主人 手沖 咖啡 讚
0.0,品質 遠遠 超越 六星級 飯店 往後 南投 旅 住宿 首選 地點
1.0,離 溪頭 森林 教育 園區 民宿 乾淨 漂亮 老闆娘 親切
0.0,住宿 簡樸 人文 溫度 簡單 自然 地方 老闆 熱心 介紹 木屋 過往
0.0,民宿 老闆娘 親切 回到 媽媽 家 感覺 價格 合理 房間 乾淨 值得 大推 民宿
0.0,雅房 晚 1200 附 早餐 環境 乾淨 停車場 老闆 老闆娘 親切
1.0,老闆 服務 棒 人 親切 房 環境 舒適 設備 齊全 說 缺點 離 市區 遠
1.0,在 隔壁 走路 點 無庸置疑 結論 間 住宿 飯店
0.0,服務 態度 加強 今天 booking 訂房 明天 前 付 訂金 8成
1.0,超棒 環境 乾淨 清潔 寵物 友善 旁邊 沙灘 夜景 星星
0.0,左 奶奶 人 好 住宿 早餐 土司 果醬 晚餐 搭伙 80 元
0.0,民宿 乾淨 收費 親民 主人 熱心 狗狗 熱情
0.0,商務 旅行 住宿 棒 櫃臺 接待 人員 服務 態度 棒 房間 設備 良好 早餐 自助餐 食物 豐盛
0.0,麵包 起司 冷盤 熟食 飯粥 麵包子 饅頭 類 甜點
1.0,飯店 位置 在 花蓮 火車站 前 屬於 文青 商旅 喜歡 風格 朋友 考慮 入住
1.0,裝潢 簡單 冷氣 強 房間 舒適 枕頭棒 服務 人員 親切 煙火 首選 房
1.0,櫃台 人員 樂樂 服務 親切 周到 熱心 環境 舒服 交通 方便 離 景點 推薦
0.0,感覺 家 民宿 提供 輪椅 空間 1樓 超大間 廁所 如同 賣場 空間 電梯
1.0,地點 好 市中心 房間 乾淨 四人房 置物 空間 夠 東西 放 地上
0.0,爛死 全 澎湖 飯店 倒光 住 家
1.0,地點 好 交通 方便 附近 小吃 餐廳 床單 舒服
1.0,管家 親切 室 空調 暗 枕頭 床 偏 硬 地點 不錯 停車
0.0,闆娘 人 好 早餐 附近 早餐店 合作 美中不足 地方 電視 第四台
1.0,CP值 高 住宿 靠近 安平區 晚上 安靜
0.0,棒 地方 安靜 放鬆 民宿 老闆娘 親切 早餐 超棒
0.0,少女心 民宿 客廳 寬敞 裝潢 可愛 舒適 內容 主題 民宿 好友 來此 體驗 住宿
1.0,位置 不錯 離 車站 房間 設備 新 空間 價格 實惠
0.0,老闆 人 熱情 介紹 當地 地方 下 次 花蓮 訂 間 大推
0.0,好 蓮蓬頭 水 強 熱水 夠 房價 便宜 適合 追求 平價 人 住宿
0.0,房間 煮飯 遊戲組 螞蟻 3樓 洗手台 迷你 不錯
1.0,水 停車 方便 離 夜市 開車 10 鐘 左右 外 送 熊貓
0.0,服務 人員 親切 房間 廁所 浴缸 滿意 停車 地方 棒
0.0,房 按摩椅 震動 功能 馬桶 房間 隔間 拉 門 淋浴 時 水 冷 熱
0.0,設備 差 浴室 水 吹風機 電 接觸 不良 今天 早餐 好吃 水果
0.0,無聊 自然 放空 放鬆 放假 好 地方 無 肉 早餐 料理 用心 好吃
1.0,些 美景 照片 分享 空間 感受 這裡 美好 舒適
0.0,值得 造訪 好 地方 溫馨 早餐 時光 享受 柔柔 海風 夜晚 在 蛙鳴 蟲鳴聲 中 入睡
1.0,房間 乾凈 早餐 豐富 民宿 視野 佳 晚上 觀星 好 地方 老闆 親切
0.0,設備 簡 漏 熱水 熱 盥洗 用具 不足 飯店 收費 旅社 品質
0.0,待人 親切 餐點 行 管家 貼心 詢問 客人 吃 衛浴 空間 提升 棒
0.0,房間 乾淨 舒適 老闆 老闆娘 人 好 熱情 溫暖 充滿 人情味 間 民宿
0.0,建築 改裝 風格 簡單 舒適 老闆 老闆娘 屏東人 熱情 親切 值得 推薦
0.0,老闆 熱情 提供 許多 美食 資訊 遊玩 景點 值得 訪
0.0,房間 乾淨 衛生 二樓 免費 泡麵 咖啡 汽水 服務 親切 兌換 調酒 棒
0.0,建議 白天 玩完 景點 海灘 後 黃昏 進 會館 車子 停 懇丁 青年 活動中心 省錢
1.0,CP值 高 住宿 旅 旅店 在 墾丁 大街 環境 相當 好 提供 泡麵 零食 飲料
0.0,房間 寢具 乾淨 可惜 共用 廁所 不便
1.0,人間 仙境 山嵐 圍繞 老闆 待人 客氣 親切
0.0,乾淨 親切 服務 態度 優
1.0,離 埔里 市區 交流道 不遠 房間 床 好 睡 熱 水壓 足夠 櫃檯 服務 態度 親切
0.0,浴室 地板 水 容易 滑倒 小孩 隨行 旅客 注意 浴室 電視 暖氣 無 功能
0.0,環境 優雅 生菜 沙拉 飲料 餐點 美味 可口 住宿 週六日 開放 點餐
0.0,老闆 人 好 推薦 在 景點 住 一樓 人 房 房間 棒 舒服
1.0,民宿 乾淨 飲水機 老闆 親切 離 墾丁 大街 不遠 方便
0.0,房間 效果 好 設施 乾淨 下 次 機會 造訪
0.0,泡 杯 咖啡 茶 悠閒 一下 書籍 雜誌 頂樓 兒童 遊戲室 健身室
1.0,地點 位置 不錯 在 北車 附近 走路 房間 小 些 櫃台 服務 親切
0.0,簡單 小孩 遊戲區 免費 糖果 餅乾 飲料 貼心
0.0,餐點 部分 感受到 用心 製作 料理 份量 菜色 實惠
0.0,食材 新鮮 重 口味 油膩 好吃 竹筍包 好吃 小孩 吵 外帶 冷凍 回家 吃
0.0,無 菜單 料理 老闆 好 豪氣 大方 份量 足夠 打包 自製 樹薯包 回 民宿 宵夜
0.0,棒 草皮 浴室 廁所 設備 完善 環境 棒
0.0,舒服 乾淨 漂亮 露營區
0.0,浴缸 環境 不錯 孩子 喜歡 早餐 菜 好幾 樣 辣 孩子 吃 辣
1.0,交通 方便 外面 第一 飯店 位於 巷弄 公園 旁邊
0.0,鬼屋 照片 不符 廁所 衛生
0.0,礁溪 地區 特色 民宿 德國 先生 台灣 老婆人 親切 菜色 衛生 房間 特色
0.0,德國 豬腳 印象 建議 住宿 預訂 晚餐 嚐嚐 德裔 主廚 老闆 好 手藝
0.0,適合 放鬆 心情 享受 美食 地方 主人 用心 佈置 感受 品質 地方
1.0,房間 棒 在 東海 商圈 裡頭 隔壁 住 女生 熱情 吵 之外 好
0.0,老闆 用心 貼心 準備 水果 零食 飲料 房間數 乾淨 下 次 想 回訪 民宿
0.0,老闆 人 親切 熱情 招待 機會 宜蘭 想 住
0.0,乾淨 舒適 床 雙人床 睡 人 問題
0.0,房間 乾淨 舒適 好 服務 人員 態度 專業 餐廳 整體 規劃 良好 早餐 內容 豐富
0.0,1F 迎賓 大廳 桌面 導覽 地圖 旁邊 沙發區 提供 24H 免費 咖啡
1.0,櫃檯 人員 親切 附近 廟東 夜市 美食 騎 腳踏車 棒 飯店
0.0,民宿 老闆娘 熱情 環境 清幽 房間 舒適 小小 貓 互動 良好 小 狗 斑斑 照顧 旅客
0.0,早餐 簡單 南瓜粥 配上 青菜 鹹 饅頭 簡單 美味
0.0,小朋友 愛 民宿 狗狗 貓咪 棒 地方
0.0,舒適 環境 民宿 主人 親切 附 早餐 豐富 好吃
0.0,老闆娘 人 美心 美 服務 周到
0.0,老闆 老闆娘 親切 熱情 裝潢 溫馨 推薦
0.0,主人 細語 態度 親切 房間 裡 電視 冷氣 矮桌 坐椅 衣架 設施 臥鋪 舒適
1.0,人情味 老闆 富有 新意 設計感 裝潢 舒服 離 車站 滿意
1.0,民宿 位置 靠近 火車站 難 找 進 民宿 覺得 美 花牆 適合 打卡
0.0,房子 舊 房間 空間 算 平價 當天 入住 人 張 雙人床 棒
1.0,老闆娘 親切 有禮 地點 算 不錯 路 小 條 含 停車位 一樓 房間 濕氣 重
1.0,交通 停車 方便 離 夜市 巷弄 安靜 價格 實惠 住 10 次
0.0,禁菸房 菸味 房間 設備 偏 舊 停車場 位置 需要 留 鑰匙 館方 移車
1.0,停車 方便 夜市 旁邊 覓食 容易 早餐 簡單 電視 頻道 Good TV
0.0,爆炸 爛 晚上 11點 聽到 大人 孩子 喧嘩聲
1.0,景觀 美 房間 舒適 寬敞 裝潢 美 服務 佳 早餐 美味 推
0.0,飯店 業者 翻新 棒 汽車 旅館 便宜 台北市 飯店 便宜 空間
1.0,夜景 美 氣氛 好 浴室 電視 特殊 設備
0.0,寢具 家具 歷史 早餐 地瓜粥 鍋 配 豆腐乳 算 接受
0.0,棒 住宿 體驗 感謝 老闆 招待 金山 地瓜 地瓜葉 空間 大人 小孩 開心 放鬆
0.0,溫馨 適合 全 家 團體 旅游 好 去處 自然 溫泉 露天 仰望 星空 景觀台
1.0,好 山 好 水 地方 民宿 主人 工作 人員 服務 一級棒 值得 造訪
0.0,請 響導 栗松 溫泉 全 台 美 野溪 注意 房間 wifi
0.0,環境 清淨 設備 齊全 住宿 旅館
0.0,房間 乾淨 廁所 乾淨 高
0.0,環境 乾淨 東西 好 下酒
0.0,差 吵雜聲 便宜
1.0,房間 環境 價位 地點 交通 方便度 好 適合 想 在 台北 都市 泡湯 住宿 人
1.0,飯店 新 設備 好 工作 人員 態度 親切 服務 好 南京 復興站 推薦給
1.0,在 大台北 市區 時間 久 房間 棒 溫泉 湯屋 棒 價格 美麗
0.0,房間 價格 親民 老闆 親切 飲料 好喝 主動 幫忙 美好 感受
1.0,次 入住 乾淨 簡約 地方 交通 方便 老闆 人 好
0.0,透過 家人 介紹 第一 次 入住 晚 民宿 老闆 客氣
0.0,鐵捲門 遺失 房客 資料 打電話 房間 問 覺得 指導 人 負 責任
1.0,下樓 逛 夜市 房間 安靜 床 睡 舒服 浴室 浴缸 早餐 多樣 牛奶
1.0,飯店 樓下 逢甲 夜市 位置 超棒 自助式 早餐 菜色
0.0,櫃檯 人員 服務 好 態度 親切 大廳 冷氣 涼 看到 櫃檯員 吹 電風扇 心疼
1.0,面對 伯朗大道 田園 山嵐 風景 超美 房間 理想 服務 親切
0.0,老闆 熱情 老闆娘 料理 手藝 讚 環境 幽美 家 感覺
0.0,房東 媽媽 友善 熱情 準備 豐盛 美味 早餐 問題 熱心 回答 介紹
1.0,咖啡 吧台 漂亮 住 樓中樓 棒 外面 陽台 景色 棒 推薦
0.0,房務 做 棒 房間 戶外 浴缸 現場 DIY 午 茶 服務 雅致 飯店
0.0,服務 品質 好 安排 彩繪 烤 餅乾 付費 活動 小孩 無聊 晚餐 合菜 好吃
1.0,對面 金台灣 山莊 中餐廳 不錯 吃 價格 合理 桌 菜 適合 親子 家庭 旅遊
1.0,房子 乾淨 舒服 民宿 外面 漂亮 風景 老闆 闆娘 服務 棒
0.0,包木屋 舒服 提供 早餐 建議 東河 買 包子 吃
1.0,環境 乾淨 舒適 美麗 整潔 花園 無敵 海景 熱情 管家 住 最 好 民宿
0.0,連續 假期 入住 民宿 親切 女 主人 豐盛 早餐 溫馨 假期
0.0,目前 在 營業
0.0,主題 套房 美女 蘇 小姐 精心 設計到 台南 干淨 舒適
0.0,枕頭 床 軟 超 好 睡 冷氣 好 吹 涼 北下 台南 玩 住 環境 品質 重要
1.0,看到 運河景 晚上 道路聲 差 環境衛生
0.0,12點半 5點半 中班 裡面 服務 好 天 小菜 吃 水果 棒
1.0,台中 景點 小吃 夜市 不錯 旅館 推推
0.0,賓館 樓上 KTV 差 噪音 擾 人 房 設施 老舊 鏡子 浴缸 破損
1.0,火鍋 不錯 吃 老闆 冷 泡茶 味道 棒 觀景台 看出去 視野 棒
0.0,平日 早餐 吐司 夾 果醬 咖啡 房 間 差
1.0,老K 民宿 餐廳 後方 走 分鐘 景觀台 景觀 美 值得 散步 走走
0.0,房間 乾淨 明亮 衛浴 設備 用品 齊備 樓下 櫃檯 人 備有 茶包 泡麵 舒服
1.0,地方 不錯 價位 旅社 接近 品質 覺得 飯店 好 老闆 用心
1.0,環島 颱風 住 天 民宿 幫忙 照顧 餐 房間 新淨 購物 用餐 方便
1.0,熱情 可愛 老闆 房間 環境 乾淨 舒服 離 夜市 知名 小吃 宜蘭 住
0.0,整潔 舒適 電梯 浴缸 室 桌子 小 門 重 好 接受
0.0,乾淨 民宿 推薦 愛 乾淨 遊客 前往
0.0,房間 超棒 浴室 機會
0.0,喜歡 家 冰箱 適合 小朋友 住 二樓 三樓 小朋友 遊戲室
1.0,林默娘 公園 安平 老街 德陽 軍艦 適合 家庭 朋友 包 棟
0.0,服務 人員 客氣 浴缸 流出來 水 些 沙子 房間 小 蟑螂 早餐 普通 下 次 住
0.0,地方 黏黏 客人 吃 東西 滴下來 湯汁 早餐 套餐 不錯 吃
0.0,櫃臺 小姐 服務 態度 差 問 剩 人 房 解釋 不清不楚 爛
0.0,老闆 超好 熱心 高 cp值 質感 超棒 房間 電梯 民宿 台東市 住 間 後悔
1.0,空間 乾淨 明亮 老闆娘 親切 腳踏車 離 全 家 不到 100 m 早餐 好吃
0.0,主動 告知 房 遺落 物品 予 旅客 喇叭 東西 寄送
0.0,朋友 聚會 玩樂 好 地方 空間 舒適 打麻將 唱歌 烤 肉 吵到
0.0,房間 裡 浴缸 熱水 熱 跟本 沒辦法 泡澡 浪費 美 浴缸
1.0,高雅 寬敞 舒適 自在 飯店 服務 細心 位置 在 田 間
1.0,服務 好 價格 實惠 人房 寬敞 明亮 早餐 送 麥當勞 餐卷 宜蘭 夜市 方便
0.0,大廳 香氣 浴室 陽台 格出來 空間 房間 地板 襪子 踩上去 腳底 黑
0.0,錢 遊客 客氣 幫忙 開門 關門 勒 東西 雙手 奉上 阿學生 東西 甩 桌
1.0,服務 空間 味道 尚可 早餐 簡便 價錢 合理 地點 好 找 在 夜市 隔壁
0.0,房間 整 晚 廁所 化糞池 屎味 古董 電視機 調 冷氣 30 年 前 旅社
0.0,房客 喧嘩 吵雜 深夜 中央 空調 直接 排 煙味 躺 床 全 身 癢 2250 商務 人 房 品質
0.0,房間 乾淨 早餐 咖啡 醬菜 魯肉飯 稀飯 青菜 冷氣浴 ok
1.0,飯店 距離 員林 車站 櫃檯 服務 人員 親切 高物 超所值
0.0,果醬 飲料 牛奶 柳橙 咖啡 簡單 早餐 房價 親民 下 次 機會 想 入住
0.0,櫃檯 人員 親切 熱情 房間 設備 齊全 高 床 好 睡 間 入住 汽車 旅館
0.0,空間 價格 公道 服務 人員 禮貌 可惜 煙味 重 房客 問題
0.0,下雨天 窗戶 牆壁 滲水 進 房 大部分 硬體 設施 老舊 冷氣 涼
1.0,Cp值 高 民宿 離 車站
0.0,新 房子 乾淨 整齊 價格 優惠
0.0,乾淨 舒適 早餐 提供 麵飯粥 包子 消夜 提供 24 小時 茶點 咖啡 蛋糕
0.0,好 提供 宵夜券 罪惡 擔仔麵 燙 豆花 涼麵 肉包 水果
0.0,服務 好 洗衣 餐點 不錯 茶包 種類 房間 乾淨 馬桶 台南 第一 選擇
0.0,位於 澎湖 柔道 國家級 教練 旅遊 累 時 老闆 王 老師 在 推拿
0.0,老闆 推銷 包車 貴 學生 肥 羊 好 蓮蓬頭 水量 小
0.0,老闆 人 好 人情味 推薦 當地 美食 人 阿莎力
1.0,離 捷運站 遠 附近 全聯 市場 宵夜 方便 環境 整潔 舒適
1.0,晚上 餓 附近 便利商店 滷味 鹹酥雞 買 方便
1.0,乾淨 舒適 睡 安心 位於 永和 美食 喜歡 靠近 車站 旅客 考慮 一下
0.0,不錯 cp值 高 房間 乾淨 服務 人員 親切 問題 幫忙 下 次 台北 在來
0.0,箱 行李 兩 小孩 在 街頭 流浪 臨時 尋覓 住宿 地點
0.0,環境 舒適 乾淨 整潔 隔音窗 室 不佳 聽 走廊 講話 聲音
0.0,櫃檯 親切 房間 氣氛 好 床 乾淨 舒適 早餐 麥當勞
0.0,漂亮 第一 次 棒 房間 室外池 ktv 房
0.0,乾淨 無 瑣碎 風格 體驗 建築 形式 房間 簡約 舒適 管家 做 早餐 好吃
0.0,建築 放鬆 心情 簡單 生活 好 地方
0.0,花蓮 公東 教堂
1.0,房間 乾淨 服務 親切 洗衣 免費 停車場 捷運站 洗衣 等待 區 咖啡 免費 推薦
0.0,服務 好 裝潢 好 好 樓下 停車位 有限 wifi 慢 爆 中華 訊號 差
0.0,經濟 實惠 旅店 乾淨 舒適 早餐 菜色 適合 台灣人 水果 蔬菜量 足 值得 推薦
1.0,位置 在 馬亨亨 大道 離 台東 公園 好找 離 市區 算 騎車 停車 方便
0.0,人 房 床 旁邊 突出 兩 木板 腳 容易 撞到 浴室 漱口杯 馬克杯 麻煩
0.0,裝潢 住 算 舒適 老闆娘 人 和善 早餐 咖啡 好喝 熱水澡 過癮
1.0,距離 恆春 老街 走路 分鐘 到達 房間 乾淨 重點 電梯
0.0,老闆 人 好 客氣 環境 乾淨 平價 下 次 機會
0.0,貼心 桌上鏡 女生 化妝 保養 方便
0.0,阿姨 熱情 照顧 客人 回家 放鬆 推薦
0.0,環境 清悠 房間 乾淨 舒適 老闆 親切 家人 值得 推
1.0,第一 次 金門 玩 房間 乾淨 不錯 阿姨 健談 田園 風景 舒服 想
1.0,老闆 老闆娘 為人 和善好客 房間 乾淨 舒適 茶園 美 人 放鬆 茶 棒 值得 推薦
0.0,舒服 裝飾 環境 回 阿公 阿嬤 家 感覺 早餐 豐盛 好吃
0.0,老闆 親切 人 住 人 房 收錢 ps 可愛 貓咪
0.0,藥膳 湯頭 讚 泰式 椒麻雞 不錯 肉醬 義大利麵 夭壽 難吃醬 超 水 甜點 棒
0.0,餐點 不錯 餐廳 蚊子 服務 人員 電扇 幫忙 服務 態度 好
1.0,景觀 民宿 飲料 不錯 在地人 推薦 熱心 機車 接送
0.0,環境 超 好 房間 喜歡 早餐 麵包 自製 蔬菜 水果 當地 季 超讚
1.0,床 睡 舒服 窗戶 眺望 美景 老闆 親切 熱心 適合 家庭 出遊 民宿 地點
0.0,舒適 空間 溫暖 藝術 氣息 和藹 民宿 主人 推薦 入住
0.0,價格 公道 環島 時 住 人 便宜 服務 不錯 推薦 背包客 前往
0.0,不錯 地方 在 懇丁 中心 設備 不錯 房間 乾淨 價格 貼心 推
1.0,位置 墾丁 大街 方便 對面 海邊 走過去 分鐘
0.0,貼心 無意 中 發現 基督徒 開 店 馬祖 旅 住 最 好 民宿 值得 推薦
1.0,在 市區 中心 棒 乾淨 舒適 老闆娘 親切
0.0,房間 乾凈 服務 專業
0.0,房間 乾淨 冷氣 設備 吵 設施 晚餐 早餐 不錯 種類 齊全 機會
1.0,港 景房 景色 美 大港橋 特區 高雄 音樂 中心
0.0,浴缸 健身房 三溫暖 游泳池 迎賓 水果 礦泉水 小 瓶 可樂 雪碧
0.0,隱藏 在 住家 裡面 咖啡館 落地 玻璃 外頭 風景 放鬆 飲料 食物 用心
0.0,店 使用 馬克杯 動物 造型 可愛 特色 氣氛 悠閒 高美 濕地 遊玩 後 坐坐
0.0,裝潢 精美 餐點 精緻 價位 民宿 主人 熱情 用心 推薦 附近 景點 交通 方式
1.0,房間 舒適 床 舒服 推薦 一家人 遊玩 住宿 地點 離 夜市
0.0,收 600 元 清潔費 合作 停車場 300 元 無限 次 進出 家庭房 客廳 空間
0.0,冷氣 略顯 老舊 鋪 離 天花板 老闆娘 熱情 服務 態度 好 推薦 小朋友 家庭
0.0,無 菜單 料理 吃到 野菜 特色 食材 老闆 醃製 鳳梨 豆腐乳 好吃
0.0,停車場 停車 方便 小菜 料理 自種 自製 烹調 菜色 道道 美味 價格 適中 推薦
0.0,奶奶 聚餐 好 地方 餐點 清爽 適合 夏天 吃 最後 甜點 特色 炒米粉 好吃
0.0,熱水 電視 爛 早餐 成功嶺 優點 房間
0.0,家 櫃台 小姐 態度 妳 種 差勁 態度 客人 想 妳 小費
0.0,房間 髒亂 灰塵 菸味 冷氣 冷 浴室 毛巾 兩 條 早餐 自助式 菜
0.0,房間 不錯 價格 露天 浴缸 感覺 舒服 空間 下 次 在
1.0,優點 浴室 乾 濕 分離 設計 棒 喜歡 汽泡 水機 旅館 地點 讚
0.0,大廳 感覺 有別於 飯店 呆板 偏向 夜店 風格 活潑 房間 偏 小 好
0.0,早餐 清 粥 小菜 煮 油麵 沙拉 水果 優格
0.0,睡眠 品質 高 床 枕頭 軟硬 適中 民宿 主人 親切 熱情 行程 建議 推薦
0.0,老闆 熱心 客人 家人 介紹 景點 房間 乾淨 Cp值 爆表
1.0,離 火車站 停車 方便 附近 711 全家 飲料店 阿亮 雞排 重點 老闆 人 好
0.0,Cp值 高 14樓 辦理 住宿 咖啡 好喝 浴室 明亮 效果 不佳 床 好 睡
1.0,值得 回訪 服務 好 位置 好 設備 乾淨 歐舒丹 盥洗 用品 台北 街道 夜景
1.0,位在 繁華 商圈 房間 乾淨 整潔 櫃檯 人員 親切 附 早餐 送到 房 棒 商旅 入住
1.0,需求 恐 需 久侯 地點 便利 步行 台北 車站 西門 商圈 算是 經濟 住宿 選項
0.0,房間 獨立 衛浴 設備 空間 超棒
0.0,現場 服務 人員 親切 友善 交誼 大廳 太空艙 膠囊房 舒適 特色
0.0,房間 小 環境 乾淨 價格 親民 習慣 雙人床 小
0.0,老闆 體貼 親切 美味 早餐 吃 推薦
0.0,平價 老闆娘 親切 床單 乾淨 身體 癢
0.0,專業型 開飲機 小 陽台 曬 一下 衣服 隔天 乾老闆 親切 優 民宿 推
1.0,房間 舒適 床 好 睡 在 鬧區 摩托車 噪音 少 覺 好 眠
0.0,家 窩旅 提供 交誼廳 空間 消除 沉默 打開 心 分享 旅遊 經驗 美食 分享
0.0,廚房 提供 餅乾 飲料 買 全 家 買
1.0,離 車站 客運站 機會 想 回住
1.0,離 車站 房間 訂放 人 接洽 主題 民宿 推薦 洽公 背包客 住宿
0.0,人 房 空間 床埔 整體 乾淨 舒適
0.0,價格 公道 背包客 民宿 老闆 客氣 旁邊 機車 代步 工具 租
1.0,烤肉區 沙坑 山景 棒 老闆 老闆娘 人 親切 5星級
0.0,老闆 親切 晚餐 早餐 豐盛 房間 冷暖器 床 舒適 贊
1.0,老闆 親切 住宿 環境 乾淨 俯瞰 三義 地區 適合 小 旅行 住宿 地點
1.0,簡單 舒適 附 高速 電腦 租 車子 靠近 東林 鬧區 方便 舒適
0.0,民宿 豪華 配備 齊全 大廳 寬敞 明亮 設有 理髮 部門 門口 備有 單車 免費 租乘
0.0,住 貨櫃 改成 房屋 人 位 吊 衣服 衣架 熱 開水
1.0,日本 膠囊 旅館 距離 捷運站
0.0,房間 乾淨 整潔 全 家 出遊 住宿 棟 方便 車位 找 一下
0.0,不錯 地方 裝潢 美
0.0,墾丁 旅遊 時 人數 夠多 建議 處 包 棟
0.0,蚊子 蛋 店家 貼心 準備 電蚊拍 旅客 做做 運動
0.0,環境 乾淨 宵夜 早餐 提供 房間 好 整 晚 聽到 隔壁 音樂 動 滋 動 滋 聲音
0.0,建議 女湯 淋浴 上方 加置 毛巾 置物 架子 卡片 擦乾用 浴巾 濕
1.0,地理 位置 好 交通 方便 環境 乾淨 浴室 水柱 強 按摩 效果 服務 人員 服務 好
0.0,好 早餐 粥 小菜 咖啡 飲料 土司 種 醬
0.0,晚班 小姐 服務 態度 惡劣 價格 說 房間 髒 灰塵
1.0,火車站 面 聲音 觀察 火車 車站 生態
0.0,設施 不錯 泡麵 點心 咖啡 茶包 吹風機 床 軟
1.0,位於 北海岸 風景區 暑假 孩子 出遊 棒 住宿 地點
0.0,夜班 櫃檯 專業 解說 用心 耐心 介紹 環境 乾淨
1.0,地點 離 花蓮 市中心 段 距離 乾淨 設計感 十足 老板 人 好 訂 溯 溪
0.0,連假 臨時 找到 民宿 整體 乾淨 新 寵物 友善 水溫 穩定 超高
1.0,大樓 裡 套房 預期 落差 一點 室 牆壁 塗鴉 海邊 風格 不錯 陽台 高層樓 視野 美
0.0,豪華 人 房 一千 洗衣機 冰箱 浴缸 泡 物美價廉
0.0,環境 舒適 房間 感覺 溫暖 家 下 次
1.0,距離 羅東 夜市 停車 地方 遠 房間 舒適 早餐 吃 外面 咖啡廳
1.0,住 舒適 地點 棒 門口 弱 一些 房客 問題
0.0,附近 紅線 停 機車 擔心 拖吊 顆 星 原因
0.0,房間 華麗 裝潢 設施 暖暖 人情味 整體 住宿 品質 不錯
0.0,洗澡 洗 一半 熱水 房間 差 浴室 盥洗 備品 房間 礦泉水 糟透
0.0,老闆娘 熱情 早餐 好吃 北竿 首推 飯店
0.0,老闆 親切 友善 房間 舒適 漂亮 屬於 特色 二樓 提供 小 茶點
0.0,早餐 普通 床 感覺 塌陷 建議 換新 床墊
0.0,老闆 親切 有禮 民宿 內部 裝潢 新 乾淨 免費 點心 好吃 謝謝 老闆 招待
0.0,早餐 麥當當 選擇 房間 乾淨 寬敞 床 家大版 輕 旅行 好 選擇
0.0,浴缸 全 推給 人員 說 新人 清楚 搞錯 房型 態度 好
0.0,房間 螞蟻 洗澡水 冷 熱 服務 好 設備 不行
0.0,全新 設備 全新 環境 片 綠 草地 外加 親切 名宿 女 主人 舒服 放鬆
1.0,房間 狀況 佳 露營 風景 好 離 老街 不遠
1.0,特色 質感 旅店 房間 餐點 優 戶外 樹林 美 幽靜
0.0,棒 民宿 家 感覺 服務 輸 飯店 文青風
0.0,環境 舒適 放鬆 房間 乾淨 早餐 養生 房間 效果 不佳
0.0,親子 房間 玩具 小孩 玩 戶外 電動車 玩沙池
0.0,服務 老闆娘 好客 喜歡 小朋友 動物 少數 真誠 歡迎 毛小孩 旅店
0.0,停車場 空間 沙坑 小 泳池 電動車 孩子 玩 開心 價錢 實在 老闆 熱情
0.0,單人床 舒服 整 房間 狀況 官網 照片 差別
0.0,房 提供 備品 水 垃圾袋 消毒 用品 用完 通知 飯店 補充
0.0,吃到 牛肉麵 鍋貼 滷肉飯 平價 美食 在 餐食 滿足
1.0,房型 設施 舊 離 海邊 抓 寄居蟹 螃蟹 小 魚 主人 待人 親切
1.0,離 海洋 生物館 民宿 主人 和善 牙刷 品質 好 人 房 適合 家庭 住 貓咪
0.0,房間 乾淨 床 舒適 老闆 老闆娘 愛心 早餐 好吃
0.0,整體 住宿 cp值 不錯 早餐 簡約 蛋餅 吐司 老闆 服務 熱心 親切
1.0,享受 走路 分鐘 海灘 感覺 優閒 氣氛 地方 老闆 人 隨興 感覺
0.0,店主 親切 大方 房間 乾淨 明亮 衝浪 歇腳 休息 好 所在
1.0,老闆 熱心 親切 溫馨 熱情 衝浪屋 海 放鬆 舒適 好 地方
1.0,一樓 餐廳 服務員 健談 幽默 甜點 好吃 住宿 品質 好 陽台 望出去 景色 美
1.0,風景 位置 整體 規劃 一流 建築 房間 設施 歲月 痕跡 絲毫 減損 住宿 舒適性
1.0,飯店 停車位 停車 免費 間 客房 落地窗 湖景 街景 景觀 不錯
1.0,房間 動線 規劃 有待 改善 適合 夜宿 泡 浴缸 溫泉 晚上 缺少 景點 逛
1.0,老闆 熱情 房間 看出去 景色 好 好 棒
1.0,地點 便利 在 嶺頂 公園 對面 停車 公車 方便
0.0,美 五星級 飯店 裝潢 設備 一流 早餐 豐盛 好吃 完美 無瑕 讚
0.0,等級 民宿 床 舒服 電視 廁所 乾淨 提供 幫 租 機車 選 車 服務
0.0,環境 好 氣氛 超優 老闆 樂 推薦 旅店
0.0,早餐 好吃 老闆 親切 老闆娘 漂亮 毛小孩 天堂 大人 渡假 聖地 寵物 推推
0.0,家 裡 毛小孩 舒適 環境 自由自在 父母親 放鬆 好 地方
0.0,老闆人 健談 咖啡 泡麵 限量 供應
1.0,老闆 人 好 房間 不錯 cp值 高離 高跟鞋 教堂 不遠 推
1.0,老闆 親切 環境 乾淨 停車 容易 距離 彩繪 牆 距離 高跟鞋 走 分鐘 路
0.0,空間 寬敞 環境 舒適 老闆娘 熱心 價格 便宜 顆 星
0.0,浴室 打掃 乾淨 明亮 民宿 主人 親切 早餐 用心 謝謝 推薦
0.0,雞肉 升級 活動 氣氛 老少 有事 忙 釣魚
1.0,山明水秀 重回 純真 年代 感覺
0.0,老闆 親切 冰箱 飲料 濾掛 咖啡 吃 房間 狗狗 可愛 下 次 想
1.0,老闆 人 親切 回到 家 地方 偏遠 住宿 環境 好 蟻蟲
0.0,一樓 咖啡廳 住宿 享受 厚片 吐司 咖啡 飲品 蛋糕 下午茶 套餐
1.0,精緻 水果 品質 好 素 肉燥 煮 麵 澆 飯 好吃 高 樓層 風景 美 機會 想 入住
0.0,天母 地區 超棒 便宜 飯店 中餐 晚餐 辦桌 新鮮 好吃 乾淨 明亮 設施 齊全 好 旅館
1.0,海景 山海房 好 觀賞 九份 景色 房間 房價 中上 附贈 早餐 優秀
1.0,海景房 景 美 老闆 幫忙 找 停車位 缺點 在 老街 上方 爬 累
1.0,觀 景 棒 民宿 坐 在 窗 前 美景
0.0,餐飲 好吃 晚餐 早餐 自助餐 廉價 食材 吃 隔壁 全家 便利商店
0.0,房間 煙味 重 好 櫃檯 態度 友善
0.0,星 及格 浴室 乾淨 地板 穩定 熱水 馬桶 管線 漏水
1.0,在 永和 竹林路 鬧中取靜 方便 好 鄰居
0.0,老闆娘 介紹 螢火蟲 季節 期待 次 生態 旅
1.0,在 靠近 自然 環境 地方 些 小 動物 活動 痕跡 無可厚非
0.0,環境 佳 房間 乾淨 主人 用心 博學 多聞
0.0,老闆 親切 詳細 介紹 附近 景點 活動 住宿 設施 完善 良好 價格 公道
1.0,空間 冰箱 飲料 零食 貼心 設施 交通 便利 停車 方便 主人 親切
0.0,房間 衛浴 乾淨 四捨五入 小姐 有趣 櫃檯 人員 親切 花蓮 入住 棒 選擇
1.0,離 車站 公車站 走路 分鐘 附近 早餐店 餐廳 711 全聯
1.0,棒 地方 離 夜市 房間 溫馨 老闆 客氣 親切 閒聊 推推 推
0.0,停車場 室 乾淨 床 舒服 老闆 人 好 車 開進來 巷口 小 小心 行駛
1.0,在 一樓 客廳 缺點 在 巷弄 難找 停車 空間
1.0,距離 高雄 車站 捷運 交通 系統 10 分鐘 路程 住宿 方便 房價 實惠 旅店
0.0,環境 舒適 房間 整齊 乾淨 附 點心 早餐 棒 效果 好 整體 cp值 高
0.0,下午茶 夜點 鹹 甜包子 饅頭 茶葉 蛋白飯 肉燥 式 冷 熱 飲品 供 選擇
0.0,種來 遊玩 學生 照顧 幸運 老闆娘 結緣 間 棒 民宿 大推
0.0,老闆 人 好 房間 差 重 霉味 漏水
0.0,冷气 吵 早餐 聽 整 晚 車聲 差
0.0,豪華 房間 設備 佳 泳池 高爾夫 三溫暖 運動 中心 空中 花園 早餐 咖啡 苦焦 難 喝
1.0,環境 交通 服務 衛生 設施 建議 417 今早 味噌湯 口感 酸酸
1.0,面湖房 景觀 優美 房間 乾淨 舒適 住宿 送 隔壁 國賓 戲院 電影票 晚上 處
1.0,房間 舒適 乾淨 蔬食 早餐 菜色 佳 服務 好 地點 方便 停車場 棒 住宿 體驗
1.0,裝潢 精緻 服務 態度 不錯 離 漢神 巨蛋 百貨公司 瑞豐 夜市 推薦 景觀房
0.0,差 洗 版文 太多 一樓 餐廳 拉 桌椅 聲音 震撼 棟 飯店
0.0,沙發 人 房 寬敞 闆娘 人 客氣 可惜 房間 冰箱 冰 東西
0.0,爛 衛浴 設備 不足 樓中樓 房間 點 小 電視 畫質 好 被子 掉 毛
1.0,風景 好 服務 好 品質 優 推薦 家 民宿 值得 選擇 家
0.0,點心 棒 夜晚 隔壁 KTV 聲音 聽 清楚
0.0,飯店 樓上 樓下 酒店 晚上 全 重 低音 喇叭 聲音 沒辦法 睡
0.0,舒適 房間 簡 風格 freebar 晚上 肚子 餓 救星 服務 人員 素質 高
0.0,環境 簡潔 老闆 親切 設施 介紹 詳細 幫忙 準備 早餐
1.0,管家 貼心 房間 景 美 早餐 用心 歐洲 鄉村風
1.0,地點 便利 景色 視野 絕佳 直接 遠眺 大鵬灣橋 親切 友善 民宿 主人 讚
0.0,民宿 老闆 親切 民宿 設計 細節 用心 廁所 無敵
1.0,位置 適當 好 飯店 超 高 早餐 房間 大小 工作 人員 不錯
1.0,超 CP 值 好 旅館 推薦 乾淨 便宜 o 地點 審計 新村 美術館
0.0,在 住宅區 周圍 晚上 安靜 櫃檯 態度 好 冷氣 聲音 不錯
0.0,老闆 親切 這裡 家 感覺 環境 乾淨 整齊 設備 完善 推薦 住宿
1.0,阿公 阿嬤 熱情 適合 需要 住宿 人 水 小 在 文化 夜市 旁邊 方便
0.0,價格 便宜 住宿 品質 老闆 在 一樓 大廳 吸菸
0.0,空調 傳來 陣陣 煙味 冷氣 冷 調 溫度 外 覺得 住 在 這裡 舒適
0.0,滿意 好 服務 人員 尼斯 新 房間
0.0,今天 個資 留給 悅來 名字 飯店 打給
0.0,整體 乾淨 停車 方便 房間 外觀 特殊 在 室 走動 感覺
1.0,小木屋 附近 生態 保育 小孩 認識 大自然
1.0,躺下 看見 天空 車子 直接 停 小屋 正對面 草皮 喜歡
0.0,服務 好 房間 整潔 乾淨 氣氛 超棒
0.0,住 次 老闆 老闆娘 客氣 房子 維持 好 房間 乾淨
0.0,服務 好 環境 舒適 提供 設施 整理 乾淨
0.0,舒適 早餐 棒
1.0,欣賞 日落 觀賞 雲海 民宿 房間 簡單 乾淨 附有 陽台 欣賞 美口景 老闆 親切 隨和
1.0,風景 無敵 老闆 親切 餐點 美味 觀 雲海 賞 螢火蟲 放鬆 好 地方
0.0,吃 晚餐 早餐 菜色 豐富 口味 宜人
1.0,離 捷運 附近 華山 中心 房間 整修 乾淨 整潔 機會 入住
0.0,包 餐 吃遍 台灣 小吃 越南 餐點 台灣 盛名 水果 飲料
1.0,交通 方便 離 捷運站 超 飯店 房間 乾淨 衛生 價格 平易近人 超優 值得 推薦
0.0,棒 放鬆 好 地方 早餐 料理 多樣 菜餚 水果 樣式 少
1.0,不錯 民宿 房間 泡湯池 早餐 豐富 欣賞 戶外 田野 風光
0.0,空間 停車 方便 飯店 溫泉 泡腳池 餵魚池 房型 偏 舊型 乾淨
0.0,房間 乾淨 明亮 浴室 暖氣 小孩 開心 大人 放鬆
0.0,墾丁 恆春 住宿 指定 綠 蝸牛
0.0,老闆 美麗 大方 待人 親切 值得 住
0.0,泳池 溫泉 民宿 露營區 烤肉區 項 設施 完善 享受 悠閒 假期 好 地方
0.0,老闆 老闆娘 親切 房間 乾淨 舒適 游泳池 乾淨 小孩 大人 開心 下 次 安排 渡假
0.0,主人 用心 住宿 方面 值得 今天 天氣 冷 掖備 捨得 加溫 房價 間 泡澡
0.0,飯店 氣氛 好 房間 點 精油 床 柔軟 舒服 好 睡 浴室 棒 電視
0.0,早餐 包子 吐司 稀飯 沙拉 小菜 種類 算 夠 吃
0.0,冰 豆漿 咖啡 好喝 精緻度 夠 改用 套餐 精緻
0.0,建築 莊園 民宿 戶外 休閒 泡茶 聊天 好 地方 佈置 溫馨 空間 寬敞
0.0,環境 優美 次 入住 莎士比亞 人 房 房間 乾淨 空間 謝謝 老闆 老闆娘 熱情 招待
0.0,棒 露營區 小朋友 設施 溜滑梯 滑水道 沙坑
1.0,住宿 環境 舒適 風景 美 早餐 手工 蛋糕 美味 民宿 主人 可親 推薦
0.0,昨晚 好友 入住 房間 乾淨 挑高 設計 寬敞 溫馨 原住民 風格 色彩 繽紛
0.0,美味 手作 甜點 香濃 咖啡 療癒 心靈
0.0,舒適 住宿 設備 乾淨 客服 聯絡 方便 快速
0.0,環境 乾淨 舒適 商家 服務 態度 超 好
0.0,衛浴 設備 不錯 冷氣 空調 舒適 洗衣機 飲水機 茶包 咖啡包 提供
0.0,巷弄 中 民宿 工業 風格 裝潢 乾淨 整潔 衛浴 共用 房門 上鎖
1.0,空間 規劃 舒適 一樓 空間 飲水機 冰箱 交通 地理 位置 良好
0.0,豪華 雙人房 空調 壞 糟糕 蚊子 完 位子
0.0,人房 付 衛浴 設備 牙膏 毛巾 杯子 無 梳子 無 面紙 浴室 捲筒紙 代替
0.0,估計 飯店 洗 被子 服務員 在 上面 寫 房間 號碼
0.0,民宿 服務 人員 親切 早餐 多樣 豐盛 好吃 房間 浴缸 渡假 好 地方
1.0,環境衛生 地點 在 馬路 泡茶水 煮飯 瓦斯爐 使用 加價 場地 寬闊 設備 齊全
0.0,櫃台 服務員 棒 spa 游泳池 設施 好 房間 浴室
0.0,知本 小夜市 民宿 主人 30 年 專業 按摩 老師傅 開車 累 預約 按摩
0.0,乾淨 停車 方便 住 天 房價 便宜 房間 外觀 可愛
0.0,推薦為 台東 民宿 首選 建議 直接 打電話 預定
1.0,空間感 採光 好 舒服 房間 乾淨 床 好 睡 晚上 在 陽台 躺椅 星星
0.0,棒 老闆娘 親切 請 吃 早餐 喝 酒 推薦 住 澎湖 首選 住宿 下 次 在 光臨
1.0,鎖港 山水 沙灘 附近 潛點 騎車 分鐘 距離 算 方便 潛水
0.0,老闆娘 待人 和藹可親 住在 這裡 家 棒
0.0,老闆娘 人 親切
1.0,寵物 友善 民宿 床 好 睡 浴室 棒 房間 空間 離 恆春 市區 早餐 好吃
1.0,地點 位於 市區 路 停車 房間 內部 挑高 舒適 電梯 搬 行李面 山 景色 美
0.0,房間 設計 體貼 乾淨 舒服 披薩 好吃 烤 蔬菜 拼盤 好吃 老闆 友善 家 感覺
0.0,乾淨 洗衣 服務 送 早餐 好 食 小 狗 陪 客人 玩 香港人
0.0,一樓 休息區 客房 裡面 茶水間 廚房 乾淨
0.0,房間 乾淨 舒適 環境 佳 員工 親切 潛水 教練 專業 幽默
0.0,老闆 住在 民宿 裡面 餐點 老闆 種 菜
0.0,設備 客服 早餐 覺得 不行 優點 房間 乾淨 顆 星
0.0,環境 棒 漂亮 乾淨 早餐 老闆 手作 好吃 房間 氛圍 棒 推
0.0,草皮 窗子 狗狗 開心 環境 設備 好 民宿 主人 應對 好 完美
0.0,社頂 公園 風吹沙 台灣 南點 龍坑 生態 保護區 熱門 景點
0.0,在 花蓮縣 光復鄉 找 住宿 地方 間 將就 點
0.0,交通 接送 玩 身 髒 超過 退房 時間 洗 澡 離開
0.0,老闆 親切 滿滿 台灣 人情味 房間 乾淨 舒適 台東 住
0.0,食物 越南 料理 為主 加 些許 作風
1.0,老闆 態度 親切 房間 乾淨 差 位子 偏遠 建議 都蘭 用餐
0.0,老闆娘 熱心 幫助 解決 機車 出租 問題 在 市區 取 車 方便 推薦
0.0,服務 好 早餐 選擇 房間 棒
0.0,在 網 訂 房 注意 包含 行李 接送 服務 收費 服務 態度
1.0,景觀 美 房間 舒適 乾淨 效果 不錯 主人 親切 值得 推薦 家 民宿
1.0,人 房 空間 陽台 海隔音 效果 佳 老闆娘 熱心 地理 位子 讚
0.0,老闆娘 人 好好 溝通 加床 收 早餐 毛巾 費用 住 附近 有事 請求
0.0,老闆娘 熱情 招待 下午茶 推薦 景點 房間 舒服
0.0,住 觀星房 玻璃 髒污 星星 浴廁 房間 分開 方便
0.0,早餐 稀飯 菜脯 蛋 菜脯 做
0.0,冷氣 西曬 冷 小時 之後 冷 房間 張 雙人床 價格 便宜 cp值 高
1.0,夜景 漂亮 85 大樓 房價 貴 高
1.0,交通 方便 風格 民宿
0.0,第一 次 小孩 入住 擔心 戲水池 總統房 房型 小孩 玩 適合 親子 入住
0.0,裝潢 設備 具 歷史 浴室 乾淨 應有盡有 乾濕 分離 蒸氣室 價錢 合理 備品 齊備
0.0,服務 好 設施 令 人 驚艷 價 三五 好友 唱 KTV 花 少 錢 唱 爽
0.0,眠 推薦 住宿 外加 提 一下 老闆 說 住宿 打卡 售價 折 優惠
1.0,房間 美 旁邊 夜市 商圈 火車站 夜景 不錯 好
1.0,風景 佳 環境 乾淨 整潔 適合 朋友 聚會 烤 肉 民宿 管家人 貼心 專業
1.0,小木屋 美 翻 環境 清幽 整體 空間 舒服 適合 家人 朋友 出遊 玩 感覺 超棒
0.0,管家 大哥 熱情 接待 民宿 整體 棒 cp值 高 之後 想 家人 住宿
0.0,房間 乾淨 宵夜 玉米 瘦肉粥 早餐 多樣 提供 午餐
1.0,房價 房型 cp值 高 離 花園 夜市 想 外出 晚上 宵夜 棒 住宿 體驗
0.0,評價 提到 樓梯口 門 小小孩 家庭 危險 家長 小心 注意
1.0,地點 位於 一中 商圈 裡 逛街 方便 浴室 乾 濕 分離 床 舒服
1.0,安靜 交通 方便 房間 簡單 無 冰箱 飲水 設施 兩 瓶 水
1.0,環境 優 民宿 工作 人員 親切 服務 機會 住
1.0,彩繪 創意 花園 庭院 美 夕陽 美 房間 寬敞 舒適 服務 親切
0.0,值得 推薦 飯店 會議 渡假 活動 場地 環境 寬敞 人員 親切 適合 辦理 會議 渡假 活動
0.0,東西 老舊 浴室 地板 髒 枕頭 異味 按摩 浴缸 洗手台 髒 黃 空調聲 沒辦法 睡
1.0,感謝 遺忘 物品 寄回家 服務 到位 景色 美 房間 乾淨 讚
0.0,棒 環境 民宿 主人 貼心 附近 鄰居 狗狗 親人 晚上 幫忙 顧 車
0.0,民宿 家 感覺 主題房 小朋友 喜歡 早餐 豐盛
1.0,感覺 溫馨 住宿 回家 周邊 環境 寧靜 優美 老闆 陳 先生 老闆娘 親切
1.0,停車 方便 房間 乾淨 寬敞 舒適 陽台 眺望到 遠方 山民宿 主人 家 熱心 親切
0.0,車庫 加 戲水池 房間 在 二樓 2樓 房門 鎖 小孩 開門 直接 摔下 樓梯
0.0,餐台 早餐 麥當勞 棒 量 少 吃 xd 整體 說 CP值 普通 偏上 一點點
0.0,房間 風格 榻榻米 浴缸 泳池 服務 人員 客氣 親切 cp值 高
0.0,房間 乾淨 燈光 明亮 停車 方便 附 早餐 少見 打電話 訂房 價錢 訂房 網站 便宜
0.0,櫃台 人員 態度 惡劣 停車位 網路 房門 鎖 洗澡 熱水
0.0,餐廳 位子 有限 站 一陣子 座位 炒 青菜 不錯 吃
0.0,童話 般 民宿 親切 服務 店家 提供 歐洲 世紀 服飾 供 住宿 客人 免費 拍照 留念
0.0,橙堡 美美 水果 早餐 自助 樣 西式餐 少 樣 蚊子 房間 好幾 隻 美中不足
1.0,地瓜籤 粥 好吃 白天 使用 1樓 客廳 玩 桌遊 小朋友 玩 電動車 玩瘋 離 親水 公園
1.0,新 民宿 戶外 風景 超美 親子房 溜滑梯 小孩子 玩 想 睡
1.0,環境 美 房間 乾淨 設施 完善 老闆 老闆娘 人 棒 值得 次
1.0,棒 民宿 環境 優美 老闆 老闆娘 親切 早餐 好吃 值得 推薦 民宿
0.0,棒 好 早餐 澎湖 有名 早餐 房間 乾淨 冷氣 強 床 舒服
0.0,老闆娘 親切 服務 周到 民宿 五星級 飯店 住宿 品質
1.0,交通 方便 附餐 飲料 咖啡 好喝 住宿 cp值 高 在 鬧區 好 寧靜
1.0,位置 方便性 高 離 國華街 附近 碳烤 鱔魚 麵 河樂 廣場 疫情 提供 早餐 棒
1.0,旅店 位於 市中心 離 景點 小吃 方便 房間 整體 不錯 窗戶 視野 好
1.0,地點 交通 便利 房間 整理 乾乾淨淨 舒適
0.0,訂房 網站 訂 家 入住 當天 現場 知道 倒閉 錢 退還給
0.0,床 軟 聽 走廊 音樂 浴室 排水 差
0.0,飄 細雨 天氣 參觀 園區 小 美 裡面 餐廳 長廊 不錯 景觀 時間 看看
0.0,餐廳 下午茶 餐點 糟 蜂蜜 水果 鬆餅 芭樂 楊桃 餐具 早餐店 竹叉
1.0,景 賞 住宿 營養 豐富 菜色 蔬食 自助餐 吃 門票 價格 適中
1.0,老闆 親切 景觀 美 早餐 好吃 房間 舒適 乾淨 值得 推薦
1.0,地理 位置 好 距離 公車站 兩 分鐘 陽台 海景 九份 夜景 盡收眼底
1.0,唱 KTV 打麻將 玩 桌遊 適合 好友 聚 在一起 聊天 住宿 景色 美
0.0,哈瑪星 特色 民宿 思旅 特色 旅程 參加
0.0,求婚 聖地 老闆 闆娘 nice 狗狗 哈士奇 場地 舒服 餐點 好吃 飲品 多樣
0.0,老闆 人 好 房間 乾淨 貓咪 親人 cp值 高
0.0,客服 速度 貼心 加贈 中秋 小 禮物 可惜 地方 房間 螞蟻 差
0.0,懷念 火鍋店 樓下 雞排攤 冰冷 機器人 飯店 如同 逢甲 人潮 冷卻
0.0,商務 單人 套房 雙人 床 室 空間 偏 小 乾 濕 分離 廁所
1.0,緊鄰 金門 雙鯉湖 畔 環境 清幽 民宿 古色古香 適合 放鬆 慢活 渡假 好 去處
0.0,外表 內部 傳統 閩南 建築 感覺 房間 廁所 感覺 民宿 主人 親切 推薦
1.0,古色古香 風景 漂亮 客房 舒適 浴室 水 小 太陽能 熱水器
0.0,古色古香 老闆 親切 隻 可愛 狗狗
0.0,溫馨 環境 古樸 造景 咖啡 芳香 休息 好 去處
0.0,優真 親子 民宿 房間 溜滑梯 積木 玩具 館 免費 汽車 沙坑 水池
0.0,冷氣室 機會 滴水 隔天 早上 小孩 起床 溜下床 濕答答
0.0,民宿 裡 看到 老闆 細心 客廳 醫藥箱 茶包 餅乾 供 房客 使用 棒
1.0,房間 乾淨 戶外 清幽 蓮花 荷花池 美 小木屋 床墊 硬 不錯
0.0,爛 早餐 咖啡 算 喝 車 停 在 離 房間 地方
0.0,烤肉區 小 蚊子 太多 後面 木屋區 房間 霉味
0.0,態度 佳 服務 好 環境 優 房間 美 舒適 窗 小 床 尬
1.0,環境 好 狗狗 愛 撒嬌 乖 外面 道路 螢火蟲 放鬆 心情 好 地方
0.0,房間 特色 乾淨 幫 毛小孩 準備 西莎 早餐 費用 實惠 寵物 友善 民宿
0.0,店 暖男 偷肉 淘氣 貝果 家 毛小孩 選擇 旅店
0.0,老闆 親切 名宿 主人 狗狗 家 名 房間 乾淨 舒服
1.0,老闆娘 親切 熱情 房間 平價 乾淨 窗 外 無敵 景觀
1.0,效果 差 景觀台 蚊子 附近 便利商店
0.0,莊主 和藹可親 熱忱 三龜 戲水 景點
0.0,老闆 老闆娘 客氣 房間 設備 棒 超讚 住宿 體驗 高
0.0,附 一次性 毛巾 牙刷 吹風機 冰箱 公共區 飲水機
1.0,價格 平易近人 鄰近 市區 商圈 環境 簡樸 乾淨 預算 考量 背包客 民宿 好 選擇
0.0,老闆 親切 狗狗 可愛 房間 舒適 早餐 好吃 咖啡 好喝 床 好 睡
0.0,早餐 盤子 餐具 老闆娘 做 手作 烘焙 麵包 田園 水果 讚
0.0,鄉下 蚊蟲 主人 注意 點 房間 乾淨 舒適 衛浴 乾濕 分離 馬桶 備品 齊全
1.0,環境 優美 在 巷弄 裡 清淨 旅行 休息 好 地方
1.0,環境 棒 自然 凱特 真 性情 人 自在 輕鬆 單車族 好 聚所
0.0,便宜 乾淨 舒適 住宿 經驗 經營 熱情 歡迎 推薦 在地 美食 清單 感謝
1.0,海景 第一 排 人 房 寵物 友善 房間 浴室 風景 超棒 早上 直接 在 陽台 日出
0.0,小 花園 讚 房間 冷氣 涼 熱水 夠 浴缸 早餐 好吃
0.0,環境 舒適 空間 寬敞 狗狗 入住 老闆 親切 值得 推薦
0.0,全新 裝修 飯店 忙 時 老闆 泡 咖啡 請 喝 房價 便宜 房間 舒適 CP值 高
1.0,地點 佳 電梯 小 舊 飯店 整修 裝潢 新 房型 窗 外 天井 透光 服務 親切
0.0,房間 算 乾淨 老闆 人 親切 介紹 台南 美食 景點
0.0,環境 棒 房間 乾凈 重點 海鮮 蒸 塔 食材 新鮮 味道 好
0.0,阿里山 下 民宿 空間 寬敞 獨立 兒童 遊戲室 放鬆 小孩 累
0.0,水壓 不足 熱水 熱 缺點 早餐 青菜 炒麵 油膩 吃飽
0.0,整修 地方 房間 人 房 張 床 單人床 雙人床
0.0,可愛 動物區 飼養 孔雀 兔子 雞 鴨 鵝 鴕鳥 看到 餵食 牧草
0.0,環境 舒適 寬敞 欠佳 早餐 空間 品質 改善
1.0,民宿 地點 好 老街口 房間 風格
0.0,早餐 簡單 三明治 片 水果 收費 100 元 小貴 建議 住宿 加價 購
1.0,面海房 風景 無敵 美 民宿 位置 好找 有別於 九份 民宿 找到 想 哭
0.0,主人 親切 早餐 特別 房間 乾淨 主人 旅行 旅程 建議
0.0,客氣 親切 民宿 主人 人 房 房間 空間 舒適 棒 次 住宿 經驗
0.0,衛浴 毛巾 乾淨 溫暖 種 客家人 小時 後 聞到 太陽 味道
1.0,安靜 乾淨 民宿 備有 廚房 冰箱 飲用水 附近 停車 方便 綠意盎然 舒服
1.0,走 段 路 抵達 第三 市場 吃 早餐 飯糰 黑狗兄 燒餅 推薦
0.0,歲 小 小 店員 吸引進去 買 茶 可愛
0.0,飯店 設施 齊全 裝潢 雅緻 房間 空間 設備 舒適 早餐 品質 佳 台灣 棒 住宿 體驗
0.0,五星級 商旅 酒店 高級 服務 享受 餐廳 三溫暖 游泳池 不錯 選擇 地方
0.0,浴缸 小 房價 說 中 北部 飯店 房間 房 贈送 飲料 小點 算 在 房價
1.0,環境 優美 房間 風景 美 小 地方 民宿 用心 老闆 下 員工 熱心
1.0,林 小姐 人 親切 介紹 棒 地方 美 令 人 放鬆 好 去處
0.0,第二 房間 裡面 冰箱 住宿 喝 東西 沒辦法 冰
0.0,浴室 配備 房間 寬敞 設備 齊全 沙發 浴缸 爽 冰箱 冰 冰水 細節
0.0,CP值 高 台南市 第二 名 飯店 早餐 種類 服務 親切 下 次 機會 入住
0.0,清潔 部分 浴缸 頭髮 些 地方 灰塵 照片 中 衛生紙盒
0.0,包廂 服務 用餐 經驗 愉快 餐點 好吃 牛排 超讚 甜點 冰淇淋 好吃 推薦 值得 回訪
0.0,台灣版 六星 飯店 服務 房間 一流 Buffet 食材 美味 品質
0.0,服務 房間 品質 屬 上乘 餐點 不錯 吃 接待 人員 熱情 親切
0.0,細心 準備 早餐 水果 值得 推薦
0.0,老闆 親切 用心 建議 好玩 景點 下 次 澎湖 拜訪
1.0,距離 捷運站 夜市 情侶 親子 旅行 首選
0.0,CP值 棒 飲料 水果 小 熟食 吃 下 次 高雄 入住
0.0,價廉 親和 老闆 善有 住宿 設備 使用 教學 影片
1.0,酒店 建築 外觀 特色 服務 人員 親切 有禮 高 樓層 房間 視野 不錯 春 大直 商場 小 美
0.0,大直 新 去處 食物 好吃 臘腸 筆管麵 漢堡 牛排 好吃 戶外 座位 天氣 好 舒服
0.0,飯店 餐廳 豬肋排 好吃 肉質 軟 爛 醬料 入味 超棒
1.0,人 房 驚艷 浴缸 床 好 睡 陽台 看到 部分 海景 分鐘 海邊 超 讚
0.0,房間 乾淨 服務 人員 親切 入住 飯店 棒 旅行 體驗
0.0,安靜 舒適 乾淨 服務 親切 盥洗 用品 質感 冰箱 飲料
0.0,海灘 踏 浪 完 岸 區域 沖洗區 行動 不便 扶手 有無 障礙 廁所
0.0,民宿 感覺 溫馨 舒適 床墊 柔軟 孩子 喜歡
0.0,專屬 停車場 全 家 方便
1.0,服務 人員 詳實 介紹 在地 鹿港 特色 環境 景觀 優雅 適合 假日 優遊 自在 好 地方
0.0,服務 親切 房間 乾淨 舒服 24H 供應 早餐 點心 棒 旅店
0.0,空間 不錯 舒服 公共區 餅乾 茶包 吐司 果醬
0.0,服務 親切 房間 乾淨 整潔 房間 廁所 尿騷味 煙味 置身 公廁 中 建議 改善
1.0,離 火車站 夜市 不遠 設備 價錢 9OO 元 附 早餐 值得 推薦
0.0,單人 經濟房 900 晚 划算 價位 房間 差 效果 好
0.0,房間 乾淨 服務 好 二樓 交誼廳 設計 棒 洗衣 供應 飲料 泡麵
1.0,地點 優 離 捷運站 交通 方便 周邊 餐館 旅館 物美價廉 服務 親切
0.0,二樓 空間 座位 充足 洗衣機 電腦 咖啡機 飲水機 設備 方便
0.0,早餐 麵包 老闆 做 好吃 配料 使用 食材 bb 藏書 種類 超讚
0.0,晚餐 早餐 漂亮 好吃 客家人 果醬 零嘴 好吃 好 地方 好 空間 生態 多元
0.0,在 環島 旅程 中 來到 回到 家 自在 環境 主人 款待 家人 值得
0.0,棒 鄉村風 別墅 布置 細緻 設備 齊全 大人 小孩 住 開心
0.0,房間 乾淨 典雅 廚房 鍋具 餐具 齊全 下廚 方便
1.0,離 小人國 六福村 石門 水庫 知名 景點 週邊 座 高爾夫球場 多樣 美食 餐廳
0.0,人 背包 床位 房 衛浴 乾淨 客廳 擺設 美觀 整齊 感受 老闆 用心
0.0,貴 乾淨 家 旅館 茶 一些 鍋 碗 瓢 盆 自製 彰化 美食 卡片 參考
0.0,1025 櫃臺 小姐 服務 態度 友善 細心 介紹 館 設施
0.0,特別 建築 溫馨 房間 設施 熱情 布農 文化 值得
0.0,全 世界 自由 舒服 美 布農族 原住民 風格 特色 民宿
0.0,老闆人 超 好 幽默 晚餐 恐怖 豐盛 好吃
1.0,優 地點 捷運站 房間 設備 乾淨 推薦 樓下 火鍋 餐廳 疫情 期間 房價 便宜
1.0,離 西門町 峨眉 停車場 特色 飯店 裡面 工業風 早餐 火鍋 特別
0.0,晚餐 套餐 菜 湯 料好 實在 東西 好吃 附 甜點 仙草 水果 西瓜 好極了 下 次
0.0,房間 優雅 環境 舒適 一樓 桌遊 飛鏢 機台 好玩 推薦 家族 旅行
0.0,餐廳 合菜 桌 2500 要求 蔬菜 肉 少 喜歡 吃 紅燒 豆腐 月 吃 次
0.0,老闆 熱情 介紹 好多 景點 美食 飯店 環境 棒 房間 風格 喜歡
1.0,距 花蓮 車站 住宿 空間 乾淨 整潔 大廳 原住民 藝術家 作品
0.0,旅店 員工 提供 棒 花蓮 市區 旅遊 資訊 旅遊 地圖 推薦 景點 餐廳
0.0,價錢 合理 房間 乾淨 舒適 噓寒問暖 老闆 親切 招呼 機車 新 讚
0.0,服務 人員 態度 差 解說 不耐煩 樣子 委任 店
0.0,環境 好 乾淨 業者 用心 間 人 懷念 人 想 在 住宿 好 旅店
0.0,老闆 超 好 小孩 玩 開心 大人 唱 開心 房間 乾淨 整齊
0.0,考慮 日 輕鬆 遊 晚上 麻辣鍋 圍爐 傳統 早餐 太平山 中繼站
0.0,老闆 人 不錯 環境 棒
0.0,放空 好 所在 老闆 老闆娘 親切 櫻花季 美 露營區 草皮 適合 親子 狗狗 運動
0.0,住宿 房間 庭院 環境 清幽 老闆人 親切 附贈 早餐 陽春
1.0,餐廳 點 泡菜 火鍋 量 覺得 湯頭 淡 喜歡 風景 不錯
1.0,風景 棒 夜景 空間 房間 老闆 熱情 介紹 景點
1.0,視野 棒 環境 老闆 nice 熱誠 冰箱 廚具 烤 肉 煮食
0.0,竹山 附近 小 山陵 園區 寬敞 園區 栽植 許多 樹木 造景 喜歡 房間 乾淨 舒適
1.0,景觀 好 房間 乾淨 早餐 好
1.0,環境 清幽 服務 親切 停車 便利
1.0,房間 外 看到 美景 三樓 開放 座位區 超讚 景觀
0.0,民宿 人員 詳細 介紹 老街 地圖 推薦 店家 貼心
1.0,風景 漂亮 180 塊 咖啡 拿鐵 感覺 在 喝 熱水
1.0,房間 乾淨 櫃檯 人員 親切 離 夜市 捷運站 算 位置 便利
1.0,距離 夜市 房間 環境 簡單 明亮 適合 旅客 郊遊 旅行 休息 住所
0.0,附設 隔壁 14樓 阿樂哈 海景 餐廳 桌菜 CP 值 不錯 海鮮 新鮮 好吃
0.0,爛 設計 服務 房間 爛 背包客 旅館 爛
1.0,用餐 環境 不錯 設計 規劃 法國 特色 接近 大自然 適合 小孩 遊樂 用心 處
0.0,美麗 莊園 環境 清幽 餐點 可口 新鮮 民宿 舒適 衛生 服務 親切 週到 棒 地方
1.0,風景 美 老闆娘 手作 木頭 椅子 場地 漂亮 適合 辦 婚宴 老闆娘 親切
1.0,地點 方便 石朗 浮潛 在 民宿 旁邊 教練 老闆娘 好
0.0,結論 住宿 星 潛水 安排 部分 星 洗曬 裝備 場地 星 導潛 星
1.0,房間 棒 地點 好 找 停車 方便 房東 親切 好 溝通 推薦 棒棒棒
1.0,地點 好 找 交通 方便 民宿 環境 乾淨 清悠 空氣 清新 民宿 電梯 省力
1.0,老闆娘 熱心 親切 烏石港 走路 旁邊 打卡 景點 山 望海
1.0,適合 親子 好 旅館 早餐 豐盛 地點 方便 可惜 房間 差 冷氣 吹頭 問題
1.0,整 間 旅店 賽車 主題 設施 齊全 酒店 座落 大型 商場 附近 附近 遊樂 設施
0.0,早餐 菜色 普通 提供 小孩 用餐區 DIY 鬆餅 特色
0.0,棒 停車 方便 電梯 房間 乾淨 櫃台 人員 服務 好
0.0,貼心 服務 溫暖 用心 民宿 環境 乾淨 舒服 機會
1.0,住 親子房 小朋友 喜歡 離 全聯 式 餐廳 走路 便利
0.0,房間 舒適 衛浴 設備 新有 健身房 交誼廳 交誼廳 飲料 餅乾 免費 棒
0.0,便宜 住宿 地點 高 浴缸 床 好 睡 免費 小 餅乾 飲品 可惜 電視
1.0,房間 乾淨 交通 便利 洗衣 服務 早餐 走到 麥當勞 用餐 小孩 方便
0.0,歐洲 城堡 花園 區 客房 棒 值得
0.0,住 浴室 飯店 驚奇 顆 星 推薦 泡湯池 浴室
0.0,清境 農場 性價比 高 歐洲 風格 住宿
0.0,浴室 設計 ok 煙味 顧客 在 房 抽 散發掉
0.0,晚上 入住 時 房間 聲音 處理 態度 不佳 店 經理 處理 事情 能力 差
0.0,浴缸 店家 標 浴缸 淋浴 說 系統 問題 系統
0.0,棒 渡假 會館 房間 乾淨 優雅 戶外 溫泉 泡湯 早餐 適合 大人 小孩 住宿
0.0,主人 接待 熱情 房間 清潔 早餐 可口 貓咪 可愛 生 小孩 嚕 貓 想 睡
1.0,整體 環境 清幽 適合 遠離 塵囂 享受 寧靜 溫馨 詢問 早餐 樣式 顆 星 意外
0.0,民宿 主人 友善 親切 房間 乾淨 舒適 大推
1.0,房間 看到 海馬哥 熱情 民宿 風格 簡約 ikea 東西
0.0,老闆娘 說 問 嬰兒 小推車 小孩 吃 烤 肉
0.0,乾淨 舒適 闆娘 小 幫手 熱情 推薦 景點 美食 招待 水果 甜 好好 吃 完食
0.0,老闆娘 親切 贈予 水果 點心 房間 舒適 整潔 小孩 喜歡
1.0,交通 方便 地點 火車站 711 房間 床 舒適 價格 便宜
0.0,屋主 經營 水果 批發 夫妻 和氣 人 房 浴缸
0.0,中班 櫃檯 人員 服務 態度 差 爆
0.0,開門 濃 煙味 浴室 怪味 房間 乾淨
0.0,早餐 三明治 送 早餐 時間 指定 早上 8點 送到 早起來 吃 三明治
0.0,服務 人員 親切 房間 簡單 乾淨 廁所 乾 濕 分離 馬桶
0.0,附 早餐 自助餐 中餐 西餐 看到 吐司 提供 果醬
0.0,推 兩千 元 左右 cp值
1.0,港式 飲茶 餐廳 口味 棒 環境 乾淨 機車 汽車 停車位 位於 高鐵 附近 適合 宴客
0.0,場地 氣派 丁香魚 酥脆 服務 親切 蠟味 蘿蔔糕 份量 一些 好 牛肉粥 好吃
1.0,交通 方便 地下室 停車場 良好 菜色 好 空間 設計好 說 一流 飯店
1.0,地點 佳 離 逢甲 夜市 老闆娘 親切 服務 房間 舒適 浴室 乾淨
0.0,房間 乾淨 價格 公道 老闆娘 親切 逢甲 推 民宿 推
1.0,小姐 好 招待 揪心 離 夜市 地方 認 以後 住
1.0,旅店 地點 不錯 戶外 停車場 距離 旅館 200 公尺 高級 車 停放 放心
1.0,服務 美麗島站 捷運 六合 夜市 交通 方便 房間 乾淨 無 異味 100
0.0,環境 設備 不錯 衛浴 乾 濕 分離 有種 淡淡 飯店 味道 喜歡 種 味道
1.0,位置 好 方便 鄰近 夜市 風景區 交通 方便 早餐 多元
0.0,差 聽得 隔壁房 開 鐵捲門 聲音 房間 味道 噁心 冷氣 一點 涼
0.0,草莓醬 煮 咖啡 冰 熱 奶茶 冰 紅茶
1.0,飯店 地點 搭乘 大眾 運輸 方便 房間 景觀 棒 床 舒服 浴室 熱水 熱 強
1.0,海景房 景色 優 距 捷運 段 距離 服務 人員 主動 旅客 提醒 搭乘 公車 早餐 普通
1.0,風景 美 適合 情侶 淡水 玩 住宿 交通 方便
0.0,房間 舒適 游泳池 溫泉 大眾 池 棒 櫃台 人員 服務 親切 早餐 不錯
0.0,大廳 lobby 咖啡座 室 外 座位 吸菸區 咖啡 品質 不錯 拿鐵 奶泡 綿密 順口
0.0,樓層 間 電梯 相通 無 障礙 設施 有限 推薦 行動 不便 長輩 嬰兒車 前往
0.0,民宿 造型 風格 新穎 行程 規劃 價格 公道 服務 態度 佳
0.0,服務 親切 房間 設置 用心 適合 全 家 大小 旅遊 時 休息 好 地方
0.0,老闆 老闆娘 熱心 準備 早餐 當地 熱門 美食 好 下 次 住
0.0,早餐 豐盛 炒 青菜 海鮮 豬腳 服務 人員 態度 洗衣房 房間 空間 乾淨
0.0,櫃台 服務員 勤快 停車場 好 停車床 好 睡 房間 設計 風格 人 溫暖感
0.0,服務 好 乾淨 場地 空間 適合 團體 出遊 住宿 地點
0.0,住 人 房 人 房 乾淨 房間 浴室 空間 算 充裕 水上 活動 完 梳洗 舒服
0.0,套房 房 廁所 乾淨 老闆娘 人 親切 房間 偏 小
0.0,後面 空地 停車場 方便 闆娘 一樓 自營 回流麵館 好吃 下 次 訂房
0.0,裝潢 用心 可惜 浴室 抽 風 設備 好 房間 濕氣 重附 早餐 擺盤 好 吃
1.0,家人 生日 小 旅行 民宿 店家 招待 小 點心 環境 好 在 峇里島 度假 氛圍
0.0,服務 親切 新 民宿 老闆 自製 小 地圖 介紹 附近 景點 美食
0.0,隔音 差 床 爛 ikea 家具 浴室 小 間 排水孔 塞滿 頭髮 水 排
1.0,超棒 住宿 體驗 舒適 環境 浴缸 泡澡 高 地點 好 找
0.0,屋主 超 訊息 回覆 速度 迅速 房間 裝潢 好 讚
1.0,五星級 乾淨 地點 位置 距離 後 站 分鐘 走路 到達 床 舒適 花蓮 旅遊 推薦
0.0,空間 浴缸 環境 不錯 整齊 清潔 方面 做 不錯 cp值
1.0,交通 方便 安靜 無限 網路 房東 親切 服務 煮食 家 感覺
0.0,老闆 親切 介紹 周遭 景點 房間 乾淨 下 次 台東 入住 推薦
0.0,錢包 掉 錢 車 回家 有感 感謝 劉 先生
0.0,老闆 熱情 願意 花 時間 協助 安排 行程 房間 大小 適中 設備 齊全
0.0,舒服 飯店 環境 房間 落地窗 浴室 大樓 下 結合 餐廳 遊樂 設施 玩 兩 天 問題
0.0,購物 遛小孩 餐飲 全部 室 活動 受 天候 影響 懶人 父母 好 去處
0.0,小朋友 畢旅 入住 忘 水壺 打電話 告知 客服 中心 幫忙 處理 寄回 學校 感謝
0.0,櫃檯 親切 房間 乾淨 挑高 米 城堡房 大推 玩具 滑梯 浴缸
0.0,飲料 充電器 碗公 好多 餐具 糖果 餅乾 水果 飲料
0.0,房間 漂亮 老闆 親切 沐浴乳 洗髮乳 棒 遇到 水準 房客
1.0,舒服 地方 環境 超美 主人 回覆 訊息 親切 大推
0.0,下午 三點 入住 建議 checkin 享受 在 裡面 悠閒 時光
1.0,物美價廉 附設 餐廳 臨海 風景 優美 看到 三仙台 風景區
0.0,早餐 供應 稀飯 無 麵包 飲料 紅茶 咖啡 自費 購
0.0,住宿 少許 錢 享用 晚餐 餐 菜色 不錯
0.0,房間 裝潢 設備 新 漂亮 浴缸 美 按摩 設備 棉被 過敏 早餐 菜色 樣式 少
0.0,異味 wifi 浴室 熱水 熱 好 推
0.0,室 容易 隔壁 傳至 空調 煙味 浴缸 黴菌 生鏽 斑駁
0.0,老闆 老闆娘 親切 房間 新 乾淨 服務 棒 值得 推薦
0.0,在 馬祖 衛浴 設備 乾 濕 分離 先生 感動 機會 東引 想 入住
0.0,設計感 裝潢 配色 色調 溫暖 明亮 照明 家 省電 燈泡 昏暗
0.0,努力 在 幫 找 車位 一樓 冰箱 裡面 飲料 水 自取 一樓 客廳 零食 吃
0.0,老闆娘 親切 愛 乾淨 房間 cp值 高 花蓮 住
1.0,地點 方便 距離 市中心 房東 親切 問題 解決
1.0,房間 乾淨 舒適 環境 清幽 阿港伯 熱情 招待 花蓮 支持 阿港伯
1.0,臨近 銅門村 慕谷慕魚 風景 秀麗 鯉魚潭 後院 水池 顆 漂亮
0.0,老闆娘 無敵 親切 熱情 室 裝潢 溫馨 乾淨 洗澡 水柱 強 棒
0.0,老闆 老闆娘 人 親切 熱情 招待 服務 環境 溫馨 乾淨 在 家 感覺
0.0,服務 親切 房間 舒適
0.0,天 吃 早餐 今天 傳統 美味 素食 廣東粥 麵線糊 價位 便宜 房間 乾淨
0.0,環境 美好 老闆娘 服務 讚 推薦 價格 親民 金門 口袋 名單
0.0,懷舊 氛圍 白天 櫃檯 服務 人員 親切 有禮 溫泉 湯質 舒服 適合 放鬆 地方
0.0,服務 好 陽明山 著名 溫泉 飯店 房間 建築 古早 日本 味道
0.0,算 便宜 溫泉 旅館 接 電話 小姐 態度 差 便宜 那裡 花錢 找罪 受
1.0,房間 乾淨 獨立 空調 陽台 廁所 乾 溼 分離 離 捷運站 隔壁 六合 夜市 好吃 好 睡
1.0,員工 服務 態度 良好 房價 友善 位置 離 美麗島站 接近
1.0,地點 捷運 房間 乾淨 空間 陽台 值得 推薦
0.0,房間 溜滑梯 辦 家家酒 積木 棒 電梯
0.0,小孩 住 開心 電梯 洗衣機 環境 整潔 明亮 浴室 寬敞 推薦給 朋友
0.0,大廳 室 拖 房間 用品 續住 夠 拿有 電梯 坐 搬 重重 行李 上樓
0.0,房間 寬敞 乾淨 早餐 宵夜 咖啡 點心 台南 高雄 出差 住宿 首選
0.0,說 外地 遊客 住 星級 飯店 家 物美價廉 乾淨 舒適
1.0,離 公園 夜市 房間 舒適 晚班 郭姓 櫃檯 人員 服務 親切
0.0,老闆娘 親切 溫馨 小 房
1.0,光線 明亮 價格 實惠 冷氣 涼 位置 讚 推
0.0,房間 乾淨 舒適 不錯 人 住 雙人房 舒適 安心 老闆 老闆娘 友善
1.0,離 市區 空間 CP值 高
0.0,服務 超好 房間 整潔 超優 旅店
1.0,民宿 主人 用心 好多 特色 設計 房間 乾淨 舒服 海景 早餐 超棒
1.0,地點 方便 在 老街尾 裝潢 新潮 設計感 早餐 份量 吃
0.0,二四 人 房 地面 放置 浴巾 處 ㄧ些 頭髮 清潔 浴室 熱水 穩定 容易 燙傷
0.0,自然 生態 豐富 服務 人員 熱情 早餐 美味 房間 造型 特殊 舒適 飄飄河 孩子 最愛
1.0,小朋友 戲水 海邊 鄰 民宿 建築 造型 型 住宿 澎湖 體驗 選擇
0.0,漂亮 名宿 漂亮 可愛 管家 藍月 小姐 服務 一級棒
0.0,房間 浴室 舒適 車庫 房型 室 外 停車場 服務 好
0.0,旅 飯店 第一 次 遇到 手機 拍 早餐 種類 影片 拍到 空盤
0.0,親子房 棒 住 間 煙味 小朋友 玩 溜滑梯 開心
0.0,空間 室 景觀 電視 住宿 附贈 晚餐 早餐 大推
0.0,環境 乾淨 整齊 社區 安靜 房間 在 渡假 感覺
0.0,在 飯 吃 家安 請 吃 牛排 一輩子 感謝
0.0,浴室 窗戶 悶 空氣 流通 整體 算 乾淨 介意 噪音 參考
0.0,炒 食用 棒 早餐 供應 人 份量 足 飽滿 餐飲 值得
0.0,電梯 在 退房 時間 維修 服務 人員 安置 房客 請 房客 電梯 維修好 退房
0.0,KTV 包廂 型態
1.0,廟口 夜市 走路 分鐘 看到 基隆港 夜景 設備 媲美 日本 等級 設計 背包客 旅館
1.0,棒 旅店 老闆娘 親切 交誼廳 氣氛 棒 靠近 基隆 廟口 停留 好 地方
0.0,老闆 娘 愛心 認真 細心 服務 客人 環境 好 乾淨 推薦 渡假
0.0,餐廳 部分 整體 不錯 晚餐 吃 推薦 合菜 早餐 民宿 提供 料 爆 虱目魚 粥 不錯
0.0,用料 新鮮 實在 海產 當天 抓 建議 訂位 訂 菜 廚師 準備 新鮮 食材
0.0,具 地方 特色 台南 美味 價格 公道 服務 親切 cp 值 高
1.0,空間 舒服 房間 新 陽台 景觀 不錯 早上 起床 看到 心情 好
0.0,棒 豬雞魚 肉質 嫩 油溫 掌握 棒 肉品 完美
0.0,擺設 簡單 好看 在 巷子 裡 住家 兼顧 民宿 賣 餐點 小孩子 乖 想 光顧
0.0,餐 重要 飯食 附餐 豐富 水果 例湯 小菜
1.0,免費 飲水機 晚上 夜市 買 點 小菜 放 音樂 舒服 機會
0.0,建築 特色 浴室 上面 天窗 陽光 撒下來 棒
0.0,照片 美 區域 美 房間
0.0,房間 差 晚上 睡覺 隔壁 說話 聽 一清二楚 吃 早餐 看見 蟑螂 在 廚房 爬來爬去
0.0,中央 空調 附 小 點心 茶包 飲料 早餐 730100012 點 前 退房
1.0,舊 浴室 發霉 乾淨 位置 好 在 捷運站 旁 附近 美食
0.0,老闆 詳細 解說 景點 生態 泡 茶 咖啡 棒
0.0,老闆娘 待人 親切 廚藝 一級棒 桂竹筍 山豬皮 紅茶 滷肉 好吃
0.0,住 新館 房間 設計 裝潢 實際 住起來 高 業主 服務 接待 熱情
1.0,店員 服務 好 大廳 漂亮 提供 吐司 飲料 早餐 地理 位置 離 觀光 地點
0.0,大廳 活動 空間 棒 小孩 愛 用心 安排 房間 設備 普普通通 合理 價位
0.0,停車場 走 分鐘 乾 溼 分離 浴室 設計 門水 跑到 洗手台 馬桶區
0.0,大推 房間 漂亮 環境 好 說 服務 態度 棒 附 好吃 早餐 讚
0.0,主人 可親 環境 整潔 房間 乾淨 舒適 超棒
0.0,民宿 阿北 人 帥 隻 任性 可愛 貓咪
1.0,羅東 夜市 整體 不錯 宜蘭 想
0.0,飯店 整 菸味
0.0,獨特 風格 老闆 服務 佳 提供 豐富 行程 規劃 建議 棒棒
0.0,老闆 專業 介紹 房間 提供 麻花捲 試吃
1.0,風景 漂亮 老闆人 好 代訂 水上 活動 品質 棒
0.0,早餐 沙拉粥 麵包 鮮奶 豆漿 咖啡機 廚房 點 做 好吃
0.0,房間 走廊 昏暗 房型 不錯 房型 浴缸 空間 算 房 燈光 全開 暗 摸摸
0.0,環境 不錯 旅店 cp值 高 方便 配合 旅遊 行程 下 次 旅遊展 買 套票
0.0,一樓 冰箱 餐具 間 一樓 冷氣 自然 愛 地球 曬 陽光 位子 涼爽
1.0,旅店 位置 方便 房間 視野 佳 硬體 舒適 服務 品質 可惜 早餐 餐廳 空間 小 擁擠
1.0,服務 人員 友善 熱情 地點 鄰近 夜市 百貨 捷運站 價格 推薦
0.0,擦 桌子 備餐 停車場 位子 不足 車道 車位 狹小 重點 費用 算是 高
0.0,地點 房卡 房型 簡潔 停車位 難 腳踏車 借用 附 週邊 景點 地圖
0.0,間 結合 下午茶 民宿 老闆 說 在 池上 車站 附近 店面
0.0,房間 漂亮 乾淨 住 舒適 高 下 次 拜訪 想 吃吃 民宿 特色 餐點
0.0,民宿 主人 熱情 民宿 特色
0.0,宵夜 泡麵 療癒 小 旅
1.0,交通 方便 位置 優越 房間 乾淨 價格 旅程 花上 天 購物 規劃
0.0,機 提供 熱水 一樓 點心 早上 簡單 麵包 棒 旅館 cp值 高
0.0,中華 電信 台哥大 網路 收訊 差 差 隔壁 電話 響 洗澡 說話 聽
1.0,風景 超美 整 房間 舒服 空間 大連 洗澡 水 完美 不行
0.0,花蓮 旅遊 住宿 選擇 老闆娘 手作 早餐 不錯 吃
0.0,精心 房間 設計 風格 鬧中取靜 位置 重要 友善 寵物 民宿
1.0,櫃檯 小姐 服務 親切 珠寶 飾品 獨特 漂亮 頂樓 湯池 溫度 適中 風景 美
0.0,全新 建築 安全 房卡 乾淨 房間 衛浴 浴缸 乾 濕 分離 樓下 溫泉 泡腳池
1.0,地點 礁溪 車站 客運 轉運站 附近 湯圍溝 公園 設施 散步 逛逛
0.0,物美價廉 房間 寬敞 值得 推薦
0.0,訂房 說 匯款 資料 說 簡訊 放 鴿子 打電話 過去 掛 電話
0.0,爛 不行 房間 小孩 蹦蹦跳跳 大門 口 進出 聲音 清清楚楚
0.0,環境 乾淨 整潔 好 電視 電影 音樂 電台 早餐 服務
0.0,大廳 房間 cp值 不錯 櫃檯 人員 Eva 小姐 仔細 講解 洗衣房 操作 方式
0.0,付星 古早味 飯店 外觀 裝潢 浴室 浴缸
0.0,主人 親切 房間 衛浴 設備 乾淨 棉被 太陽 味道
1.0,主人 親切 熱情 高台 熱氣球 開車 不到 10 分鐘 早餐 吃到 咖啡 好喝
0.0,次 旅行 玩 盡興 天 住宿 民宿 這裡 棒 特別 推薦
0.0,價格 便宜 值 高 一樓 吧台 喝 經濟 實惠 調酒 地下室 桌遊 供 遊玩
0.0,現在 青旅 裝潢 等級 家 顯得 簡陋 房間 出現 蟑螂 飛
0.0,設計感 空間 舒服 人員 態度 好 服務 貼心 100 分 滿足 專業 讚 讚 讚
1.0,交通 便利 氣氛 幽靜 衛浴 設備 乾淨 床位 建議 裝 布簾
0.0,不錯 背包客棧 乾淨 一樓 空間 棒 家人 玩 時 住 這裡
0.0,整潔 舒適 設備 佳 環境 佳 服務 人員 佳 下 次 台南 想 住上 第二 晚 地方
0.0,環境 乾淨 設備 新穎 老闆娘 服務 貼心 房間 走廊 拍照 好 地方
0.0,謝謝 老闆娘 用心 次 入住 人 房 附 陽台 空間 乾淨 舒適 下 次 機會
1.0,入住 雙人房 乾淨 風格 簡約 價格 合理 離 安平區 觀光
0.0,入住 送 伴手禮 果醬 下午茶 點心 飲料 鬆餅 水果 房型 車庫
0.0,建築 走 風格 房間 餐點 不錯 在 露天 泡湯池 裡 享受 悠閒 渡假 氣氛
0.0,價格 公道 乾淨 整潔 老闆 大兒子 帥 徵 女友 中
0.0,經營 套房 出租 主人員 進出 雜 環境 進步 空間
0.0,雙貓 未來 合作 戰略 伙伴
0.0,民宿 老闆娘 親切 咖啡 好喝 房間
0.0,老闆娘 人 好 親切 小朋友 享受 親子 空間 設想 周到
1.0,推薦 東港 超棒 民宿 碼頭 超快 環境 舒適 民宿 主人 熱情 友善
1.0,老闆娘 熱情 房間 乾淨 景色 美 好 早餐 好吃
0.0,感謝 娟姐 準備 下午茶 點心 棒 蓮花 養生 茶
1.0,名副其實 五星級 飯店 服務 設備 餐點 設施 棒 港景房 風景 美
1.0,早餐 晚餐 自助餐 菜色 好吃 港景房 房間 陽台 景觀 美
1.0,五星級 飯店 面臨 大海 挑高 空間 衛浴 空間 露天 泳池 適合 好友 暢玩 地方
0.0,遊樂池 泡腳池 大人 小孩 開心 房間 簡單 乾淨 早餐 不錯 登山 好 選擇
0.0,熱情 好客 業者 用心 位 旅客 處理 用餐 小 細節 貼心 間 推薦 好 民宿
0.0,CP值 高 成人 200 洗 湯屋 大眾池 小孩 看到 溜滑梯 失控
0.0,人情味 希望 好友 有空 台南 新營 遊玩 選擇 住宿 好 地方
0.0,舊 旅館 反應 在 房價 空間 小 中央 空調 強
0.0,棉被 灰塵 冷氣 涼 推薦
0.0,環境 自然 食物 好吃 肖楠館 找 靈感 好 停車 住 民宿 不錯
0.0,房間 原木 傢俱 裝潢 適合 放鬆 好 地方
0.0,棒 住宿 休閒 體驗 經驗 感謝 園區 人員 熱誠 接待 辛苦
0.0,無敵 海景房 打開 一點 窗戶 聽 海浪 聲音 wifi 信號 爛 烤箱 自動 麻將桌
1.0,房間 靠近 海 海 吹 海風 坐 在 椅子 吃 東西 放鬆 心情 晚
1.0,戶外 風景 好 飲料 冰 奶茶 甜 C Pvalue 低 歇息 地方
0.0,感謝 主人 溫度 招待 美 舒適 環境 值得 福興 時 入宿 選擇
0.0,輕山居 正確 住址 苗栗縣 通霄鎮 福興 11233號 距離 福興 武術 學校 公里
0.0,特色 客房 一樓 酒吧 頂樓 露臺 空間 旅客 好好 放鬆 好 地方
0.0,棒 服務 房間 設備 環境 家具 理念 早餐
0.0,設備 不佳 客房 聽 隔壁 淋浴 孩子 哭聲 聽到 隔壁 醫院 救護車 聲音
0.0,花季 期間 園區 漂亮 沙坑 跳跳床 小朋友 放電 晚餐 早餐 特色
0.0,棒 環境 餐點 精緻 希望 下午茶 兒童 飲料 部份 改 提供 無 咖啡音 飲品
0.0,美國 鄉村風 民宿 房間 風格 這裡 擺設 民宿 主人 用心 覺得 棒
0.0,用心 經營 民宿 環境 優美 主人 推出 多樣 手作 活動 豐富 住宿 樂趣 值 高
1.0,民宿主 老闆 老闆娘 態度 親切 南瓜 濃湯 好喝 食材 新鮮 環境 清幽 推
0.0,老闆娘 親切 媽媽 聊天 幫 拍照 房間 飯店 感覺 用力 推薦
0.0,房間 清潔 不錯 漫步 在 雞蛋花 步道 享受 手作 蛋餅 煮 咖啡 種 另類 幸福
0.0,價錢 公道 一樓 浴室 空間 二樓 淋浴間 洗手台 好
0.0,吹風機 吹 分鐘 熱 停 國小 小孩 加價 附 早餐
1.0,深藏 鬧區 市場 旅社 cp值 算 不錯 可惜 熱水 冷 熱 廁所 門 關
0.0,老闆 人 超 好 推薦 老街 住宿
0.0,平價 旅館 房間 間 冷氣 涼
0.0,老闆 老闆娘 親切 問題 樂意 幫助 早餐 老闆 做 好吃
0.0,民宿 主人 音樂 造詣 好 請 唱歌 聽聽 女 主人 泡 特色 花茶 色 香 味 具足
0.0,老闆 老闆娘 親切 熱情 準備 食材 用心 民宿 空間 小孩 自由 玩耍
0.0,房間 乾淨 整齊 老闆娘 親切 人 好
0.0,親切 服務 乾淨 環境
0.0,離島 地方 休息 飯店 不錯
0.0,這裡 環境 超好 房價 合理 房間 乾淨 老闆 人 熱心 介紹 附近 吃喝玩樂 地方
0.0,住 人 房 非 假日 價格 1800 元 附 早餐 廚房 咖啡機
0.0,提供 乾淨 舒適 住宿 空間 高 旅店
0.0,客廳 廚房 設備 棒 次 美好 住宿 體驗 下 次 機會 入住
1.0,整體 環境 不錯 停車 方便 附近 景點 美食
1.0,平價 乾淨 舒適 地點 便利 廁所 門 透明 玻璃 尷尬
0.0,服務員 親切 雙人床 大好 睡 早餐 烤 土司 好吃 缺點 房間 隔音 差
1.0,CP值 高 飯店 鄰近 捷運 環北站 附近 便利商店 離 中壢 夜市
1.0,服務 人員 禮貌 房務 認真 離 捷運站 夜市 老街溪 步道 在 附近
1.0,地點 寧靜 棒 被子 枕頭 好 睡 早餐 好吃 值 高 好 地方
1.0,飯店 乾淨 離 七星潭 走路 分鐘 服務 態度 好 價錢 便宜 浴室 房間 大推推
0.0,兩 床 人 海景房 梳洗 乾 濕 分離 廁所 分 區塊 妨礙 房價 超優
1.0,農場 景觀 漂亮 住宿 房間 清潔 不錯 臨近 池上 街區 走路 慢慢 欣賞 池上 美
1.0,地方 寧靜 中 大自然 共處 晚上 聽 蛙鳴
0.0,房間 提供 免費 礦泉水 冷飲 小 管家 鋼杯 冰 在 冰箱 貼心 服務
0.0,蘋果汁 外面 露天 浴缸 超棒 附 沐浴鹽 喜歡 質感 旅店 選 樂見 滿意
0.0,味 小 點心 搭配 茶 咖啡 享用 整體 說 用心 空間 推薦 體驗
0.0,放鬆 身心 好 地方 享受 自然 飲品 自然 美食
0.0,好棒 民宿 裝潢 設計 風格 舒適 好喝 小 米酒
0.0,貓咪 親人 老闆娘 溫柔 親切 小小孩 友善
0.0,道地 古味 餐廳 老闆 車禍 休息 住宿 請 人 在 幫忙
0.0,秀蘭瑪雅 疫情 關係 轉型 種植 帝丹烏參 人蔘 帝丹 人蔘 養生餐
0.0,這裡 放鬆 踏青 忘掉 愉快 事
0.0,老闆 人 好 服務 周到 歐風 城堡 吸睛 庭園 草地 適合 全 家 旅遊
0.0,房間 寬敞 乾淨 管家 李 先生 親切 值得 推薦
0.0,乾淨 整齊 早餐 伯朗 咖啡
0.0,包 棟 夜晚 烤 肉 房間 漂亮 設備 超讚 老闆人 超好
0.0,整 間 民宿 高雅 大方 一些 小 地方 小 巧思 擺設 適合 預算 家庭 放鬆 自我
0.0,發現 老闆 地方 小 裝潢 用心 經營 麻將桌 變 張 讚
0.0,水管 不佳 早餐 增加 選擇 樣式 份量 紅茶 鋁箔包
0.0,老闆 員工 親切 房間 乾淨 泡湯 好 去處 值得 推薦
0.0,老闆娘 體貼 太晚 回 房 打電話 景點 接 回去
1.0,房間 乾淨 舒適 價格 親民 衛浴 設備 滿意 吃 早餐 地方 風景 欣賞 推薦
0.0,30樓 用餐 景觀 好 座位 寬暢 動線 規劃好 樓層 旅館 住宿 部分
1.0,地點 位置 佳 交通 方便 櫃檯 接待 人員 服務 態度 好 位 身高 高 女生 人 親切 和善
0.0,房間 舊 早餐 爛 選 麥當勞 好 整體 價位 算 接受 浴缸 房間 暖
1.0,在 北港 地區 覺得 五星級 寬敞 明亮 價格 公道 實在 推薦
0.0,居住 環境 不錯 設備 老舊 鄉下 地方 櫃檯 人員 親切
0.0,老闆 老闆娘 熱心 介紹 在地 食物 景點 老闆 早上 做 早餐 吃
0.0,住 三樓 雙人房 乾淨 空間 不錯 床 舒服 枕頭 軟硬 適中
0.0,推薦 基督徒 經營 哈利路亞 民宿 房間 舒適 環境 乾淨 民宿 主人 熱情 接待
1.0,餐點 好吃 服務 好 交通 方便 房間 舒適 乾淨 衛浴 設備 齊全 廉價 值得 推薦
0.0,氣氛 不錯 ktv房 裝潢 有點 歷史 客人 素質 不一 設備 少數 破損
0.0,環境 乾淨 早餐 好吃 車庫 台 汽車 車 外面 戶外 停車場 停
1.0,空間 寬敞 部分 房型 提供 KTV 林口 地區 休息 好 地方
0.0,房間 乾淨 空間 服務 親切 地圖 告訴 景點 路線 規劃 推薦
